{
  "HVIGOR_OHOS_PLUGIN": {
    "MODULES": [
      {
        "MODULE_NAME": "1043bfc77febe75fafec0c4309faccf1",
        "API_TYPE": "stageMode"
      }
    ],
    "BUILD_MODE": "debug"
  },
  "HVIGOR": {
    "IS_INCREMENTAL": true,
    "IS_DAEMON": true,
    "IS_PARALLEL": true,
    "IS_HVIGORFILE_TYPE_CHECK": false,
    "TASK_TIME": {
      "1043bfc77febe75fafec0c4309faccf1": {
        "init": 705900,
        "PreCheckSyscap": 632400,
        "PreviewProcessResource": 3067000,
        "PreviewCompileResource": 189882600,
        "PreviewHookCompileResource": 378600,
        "CopyPreviewProfile": 6446700,
        "ReplacePreviewerPage": 509300,
        "buildPreviewerResource": 267700,
        "PreviewUpdateAssets": 3211600,
        "PreviewArkTS": 7330566900,
        "PreviewBuild": 412000
      },
      "APP": {
        "init": 310700
      }
    },
    "BUILD_ID": "202505042135328890",
    "TOTAL_TIME": 7766996700
  }
}