{"C:\\Users\\26448\\Desktop\\DevEco\\AppScope\\app.json5":{"hashValue":"048f9baec8e066df11f8910d632e014d","name":"app.json5","path":"C:\\Users\\26448\\Desktop\\DevEco\\AppScope\\app.json5","type":"file","isSymbolicLink":false,"fileMetaData":{"size":220,"lastModifiedTime":1741103367000}},"C:\\Users\\26448\\Desktop\\DevEco\\entry\\src\\main\\module.json5":{"hashValue":"a4c2cf06eb42cf46c0038ad50f821983","name":"module.json5","path":"C:\\Users\\26448\\Desktop\\DevEco\\entry\\src\\main\\module.json5","type":"file","isSymbolicLink":false,"fileMetaData":{"size":1342,"lastModifiedTime":1741103367000}},"C:\\Users\\26448\\Desktop\\DevEco\\build-profile.json5":{"hashValue":"9360284653b921cbb217f41483b1ef11","name":"build-profile.json5","path":"C:\\Users\\26448\\Desktop\\DevEco\\build-profile.json5","type":"file","isSymbolicLink":false,"fileMetaData":{"size":756,"lastModifiedTime":1741103367000}},"C:\\Users\\26448\\Desktop\\DevEco\\entry\\build-profile.json5":{"hashValue":"ac27c0df97d7ea9c3af2ed18f1cdb40b","name":"build-profile.json5","path":"C:\\Users\\26448\\Desktop\\DevEco\\entry\\build-profile.json5","type":"file","isSymbolicLink":false,"fileMetaData":{"size":449,"lastModifiedTime":1741103367000}},"C:\\Users\\26448\\Desktop\\DevEco\\entry\\src\\main\\resources\\base\\profile\\main_pages.json":{"hashValue":"3b0f3dc0a992343610dcac9bc48776a1","name":"main_pages.json","path":"C:\\Users\\26448\\Desktop\\DevEco\\entry\\src\\main\\resources\\base\\profile\\main_pages.json","type":"file","isSymbolicLink":false,"fileMetaData":{"size":37,"lastModifiedTime":1741103364000}},"C:\\Users\\26448\\Desktop\\DevEco\\hvigor\\hvigor-config.json5":{"hashValue":"1048aad733c616a42087bf86420647c8","name":"hvigor-config.json5","path":"C:\\Users\\26448\\Desktop\\DevEco\\hvigor\\hvigor-config.json5","type":"file","isSymbolicLink":false,"fileMetaData":{"size":1323,"lastModifiedTime":1741103363000}},"C:\\Users\\26448\\Desktop\\DevEco\\entry\\src\\mock\\mock-config.json5":{"hashValue":"b1747703b23f7db69fcdff412900b559","name":"mock-config.json5","path":"C:\\Users\\26448\\Desktop\\DevEco\\entry\\src\\mock\\mock-config.json5","type":"file","isSymbolicLink":false,"fileMetaData":{"size":3,"lastModifiedTime":1741103364000}},"C:\\Users\\26448\\Desktop\\DevEco\\entry\\oh-package.json5":{"hashValue":"4cc499c27b1cd62b9dcfdcfc50f2ff84","name":"oh-package.json5","path":"C:\\Users\\26448\\Desktop\\DevEco\\entry\\oh-package.json5","type":"file","isSymbolicLink":false,"fileMetaData":{"size":183,"lastModifiedTime":1741103363000}},"C:\\Users\\26448\\Desktop\\DevEco\\entry\\.preview\\default\\intermediates\\merge_profile\\default\\module.json":{"hashValue":"2fb0b86234f49cd4ed964adb6b34718f","name":"module.json","path":"C:\\Users\\26448\\Desktop\\DevEco\\entry\\.preview\\default\\intermediates\\merge_profile\\default\\module.json","type":"file","isSymbolicLink":false,"fileMetaData":{"size":1575,"lastModifiedTime":1741186697094}},"C:\\Users\\26448\\Desktop\\DevEco\\entry\\.preview\\default\\generated\\profile\\default\\BuildProfile.ets":{"hashValue":"d4129c6325b8fa3ba6a46cc87ec9a599","name":"BuildProfile.ets","path":"C:\\Users\\26448\\Desktop\\DevEco\\entry\\.preview\\default\\generated\\profile\\default\\BuildProfile.ets","type":"file","isSymbolicLink":false,"fileMetaData":{"size":868,"lastModifiedTime":1741186697100}},"C:\\Users\\26448\\Desktop\\DevEco\\entry\\.preview\\default\\intermediates\\loader\\default\\pkgContextInfo.json":{"hashValue":"b7c9940f35bea1a08a0e1afcb5ee7dfd","name":"pkgContextInfo.json","path":"C:\\Users\\26448\\Desktop\\DevEco\\entry\\.preview\\default\\intermediates\\loader\\default\\pkgContextInfo.json","type":"file","isSymbolicLink":false,"fileMetaData":{"size":444,"lastModifiedTime":1741186697113}},"C:\\Users\\26448\\Desktop\\DevEco\\entry\\.preview\\default\\intermediates\\process_profile\\default\\module.json":{"hashValue":"7218103fbbc5096681d07c93ab84d31e","name":"module.json","path":"C:\\Users\\26448\\Desktop\\DevEco\\entry\\.preview\\default\\intermediates\\process_profile\\default\\module.json","type":"file","isSymbolicLink":false,"fileMetaData":{"size":1661,"lastModifiedTime":1741186697265}},"C:\\Users\\26448\\Desktop\\DevEco\\oh-package.json5":{"hashValue":"bf51c4f9c43efbc58c66220385b02a64","name":"oh-package.json5","path":"C:\\Users\\26448\\Desktop\\DevEco\\oh-package.json5","type":"file","isSymbolicLink":false,"fileMetaData":{"size":210,"lastModifiedTime":1741103367000}},"C:\\Users\\26448\\Desktop\\DevEco\\entry\\.preview\\default\\intermediates\\router_map\\default\\temp-router-map.json":{"hashValue":"29ae1600b0f16394562e94eb16176121","name":"temp-router-map.json","path":"C:\\Users\\26448\\Desktop\\DevEco\\entry\\.preview\\default\\intermediates\\router_map\\default\\temp-router-map.json","type":"file","isSymbolicLink":false,"fileMetaData":{"size":16,"lastModifiedTime":1741186697271}},"C:\\Users\\26448\\Desktop\\DevEco\\entry\\.preview\\default\\intermediates\\router_map\\default\\loader-router-map.json":{"hashValue":"0e38b82034678a295ba2b66a4f1415bd","name":"loader-router-map.json","path":"C:\\Users\\26448\\Desktop\\DevEco\\entry\\.preview\\default\\intermediates\\router_map\\default\\loader-router-map.json","type":"file","isSymbolicLink":false,"fileMetaData":{"size":16,"lastModifiedTime":1741186697272}},"C:\\Users\\26448\\Desktop\\DevEco\\entry\\.preview\\default\\intermediates\\loader\\default\\loader.json":{"hashValue":"4fa7e66086e830ea7a5acce0283ca507","name":"loader.json","path":"C:\\Users\\26448\\Desktop\\DevEco\\entry\\.preview\\default\\intermediates\\loader\\default\\loader.json","type":"file","isSymbolicLink":false,"fileMetaData":{"size":827,"lastModifiedTime":1741186697303}},"C:\\Users\\26448\\Desktop\\DevEco\\entry\\src\\main\\resources":{"hashValue":"227b2855e575a4f2194213d51ec0b8c2","name":"resources","path":"C:\\Users\\26448\\Desktop\\DevEco\\entry\\src\\main\\resources","type":"directory","isSymbolicLink":false,"children":[{"hashValue":"4f4e81effa45a131f1890649fc3eff2c","name":"base","path":"C:\\Users\\26448\\Desktop\\DevEco\\entry\\src\\main\\resources\\base","type":"directory","isSymbolicLink":false,"children":[{"hashValue":"4cceaba0e284923a2b88ca50b6f83385","name":"element","path":"C:\\Users\\26448\\Desktop\\DevEco\\entry\\src\\main\\resources\\base\\element","type":"directory","isSymbolicLink":false,"children":[{"hashValue":"896b9c21f98bee24ccf6d174da83c87f","name":"color.json","path":"C:\\Users\\26448\\Desktop\\DevEco\\entry\\src\\main\\resources\\base\\element\\color.json","type":"file","isSymbolicLink":false,"fileMetaData":{"size":105,"lastModifiedTime":1741103364000}},{"hashValue":"342451253bb6249a34fcd3b933024e2b","name":"float.json","path":"C:\\Users\\26448\\Desktop\\DevEco\\entry\\src\\main\\resources\\base\\element\\float.json","type":"file","isSymbolicLink":false,"fileMetaData":{"size":100,"lastModifiedTime":1741103364000}},{"hashValue":"10c6263c50201024eb6ba4286a000d44","name":"string.json","path":"C:\\Users\\26448\\Desktop\\DevEco\\entry\\src\\main\\resources\\base\\element\\string.json","type":"file","isSymbolicLink":false,"fileMetaData":{"size":247,"lastModifiedTime":1741103367000}}]},{"hashValue":"9e09ceac7b23a0a04d47d7c17cea2229","name":"media","path":"C:\\Users\\26448\\Desktop\\DevEco\\entry\\src\\main\\resources\\base\\media","type":"directory","isSymbolicLink":false,"children":[{"hashValue":"098979ae1713a6f85b17796945ca9d57","name":"background.png","path":"C:\\Users\\26448\\Desktop\\DevEco\\entry\\src\\main\\resources\\base\\media\\background.png","type":"file","isSymbolicLink":false,"fileMetaData":{"size":91942,"lastModifiedTime":1741103364000}},{"hashValue":"c087301eabbcaf0ce8c4c1cda09326b0","name":"foreground.png","path":"C:\\Users\\26448\\Desktop\\DevEco\\entry\\src\\main\\resources\\base\\media\\foreground.png","type":"file","isSymbolicLink":false,"fileMetaData":{"size":8805,"lastModifiedTime":1741103364000}},{"hashValue":"2135eedf22443c2b3f6a5b679d98f5dc","name":"layered_image.json","path":"C:\\Users\\26448\\Desktop\\DevEco\\entry\\src\\main\\resources\\base\\media\\layered_image.json","type":"file","isSymbolicLink":false,"fileMetaData":{"size":109,"lastModifiedTime":1741103364000}},{"hashValue":"5b6a43f3b404d2097c86b5bb3f18ac00","name":"startIcon.png","path":"C:\\Users\\26448\\Desktop\\DevEco\\entry\\src\\main\\resources\\base\\media\\startIcon.png","type":"file","isSymbolicLink":false,"fileMetaData":{"size":20093,"lastModifiedTime":1741103364000}}]},{"hashValue":"31ff6c3daf4de70d872b24e6fecad9c9","name":"profile","path":"C:\\Users\\26448\\Desktop\\DevEco\\entry\\src\\main\\resources\\base\\profile","type":"directory","isSymbolicLink":false,"children":[{"hashValue":"9f3a3ba8373e88aa4fe7fe374afda14d","name":"backup_config.json","path":"C:\\Users\\26448\\Desktop\\DevEco\\entry\\src\\main\\resources\\base\\profile\\backup_config.json","type":"file","isSymbolicLink":false,"fileMetaData":{"size":36,"lastModifiedTime":1741103364000}},{"hashValue":"3b0f3dc0a992343610dcac9bc48776a1","name":"main_pages.json","path":"C:\\Users\\26448\\Desktop\\DevEco\\entry\\src\\main\\resources\\base\\profile\\main_pages.json","type":"file","isSymbolicLink":false,"fileMetaData":{"size":37,"lastModifiedTime":1741103364000}}]}]},{"hashValue":"e4d18298ca1759f9a63f6f5a6fa7aa2f","name":"dark","path":"C:\\Users\\26448\\Desktop\\DevEco\\entry\\src\\main\\resources\\dark","type":"directory","isSymbolicLink":false,"children":[{"hashValue":"e2550151121aa1db541a13700b78b733","name":"element","path":"C:\\Users\\26448\\Desktop\\DevEco\\entry\\src\\main\\resources\\dark\\element","type":"directory","isSymbolicLink":false,"children":[{"hashValue":"896b9c21f98bee24ccf6d174da83c87f","name":"color.json","path":"C:\\Users\\26448\\Desktop\\DevEco\\entry\\src\\main\\resources\\dark\\element\\color.json","type":"file","isSymbolicLink":false,"fileMetaData":{"size":105,"lastModifiedTime":1741103364000}}]}]},{"hashValue":"","name":"rawfile","path":"C:\\Users\\26448\\Desktop\\DevEco\\entry\\src\\main\\resources\\rawfile","type":"directory","isSymbolicLink":false,"children":[]}]},"C:\\Users\\26448\\Desktop\\DevEco\\entry\\.preview\\default\\intermediates\\res\\default":{"hashValue":"b60b343192ee42d954a00e362ba6714c","name":"default","path":"C:\\Users\\26448\\Desktop\\DevEco\\entry\\.preview\\default\\intermediates\\res\\default","type":"directory","isSymbolicLink":false,"children":[{"hashValue":"93150afef445cb7a9ac34bbf5e30aa37","name":"app_compiled","path":"C:\\Users\\26448\\Desktop\\DevEco\\entry\\.preview\\default\\intermediates\\res\\default\\app_compiled","type":"directory","isSymbolicLink":false,"children":[{"hashValue":"0cce96bd91d9c4b77b0b39481543de0a","name":"13100469292140104893","path":"C:\\Users\\26448\\Desktop\\DevEco\\entry\\.preview\\default\\intermediates\\res\\default\\app_compiled\\13100469292140104893","type":"file","isSymbolicLink":false,"fileMetaData":{"size":184,"lastModifiedTime":1746365733166}},{"hashValue":"2ce23fda981030af2acc33bfac4a6709","name":"3007063647739890952","path":"C:\\Users\\26448\\Desktop\\DevEco\\entry\\.preview\\default\\intermediates\\res\\default\\app_compiled\\3007063647739890952","type":"file","isSymbolicLink":false,"fileMetaData":{"size":122,"lastModifiedTime":1746365733165}}]},{"hashValue":"ea9a6e98555e352aa711287bd00757d0","name":"ids_map","path":"C:\\Users\\26448\\Desktop\\DevEco\\entry\\.preview\\default\\intermediates\\res\\default\\ids_map","type":"directory","isSymbolicLink":false,"children":[{"hashValue":"c2d1380042229174044c4733ee99bd69","name":"id_defined.json","path":"C:\\Users\\26448\\Desktop\\DevEco\\entry\\.preview\\default\\intermediates\\res\\default\\ids_map\\id_defined.json","type":"file","isSymbolicLink":false,"fileMetaData":{"size":1024,"lastModifiedTime":1746365733278}}]},{"hashValue":"0caa48463068badb323a84fdaf2730c4","name":"mock-config.json","path":"C:\\Users\\26448\\Desktop\\DevEco\\entry\\.preview\\default\\intermediates\\res\\default\\mock-config.json","type":"file","isSymbolicLink":false,"fileMetaData":{"size":2,"lastModifiedTime":1741186704660}},{"hashValue":"42b58889dccdcce83ca619acd30c047a","name":"module_compiled","path":"C:\\Users\\26448\\Desktop\\DevEco\\entry\\.preview\\default\\intermediates\\res\\default\\module_compiled","type":"directory","isSymbolicLink":false,"children":[{"hashValue":"684691db45dd4c4ed32bf663921f2fc8","name":"1212475488698745901","path":"C:\\Users\\26448\\Desktop\\DevEco\\entry\\.preview\\default\\intermediates\\res\\default\\module_compiled\\1212475488698745901","type":"file","isSymbolicLink":false,"fileMetaData":{"size":202,"lastModifiedTime":1746365733208}},{"hashValue":"a2b775b75ef8ed1fef754ea0034c9697","name":"12643733061800159129","path":"C:\\Users\\26448\\Desktop\\DevEco\\entry\\.preview\\default\\intermediates\\res\\default\\module_compiled\\12643733061800159129","type":"file","isSymbolicLink":false,"fileMetaData":{"size":129,"lastModifiedTime":1746365733206}},{"hashValue":"9e1f1bb46418c2a3d419ba62ab010437","name":"12753632429066892019","path":"C:\\Users\\26448\\Desktop\\DevEco\\entry\\.preview\\default\\intermediates\\res\\default\\module_compiled\\12753632429066892019","type":"file","isSymbolicLink":false,"fileMetaData":{"size":214,"lastModifiedTime":1746365733208}},{"hashValue":"858c90f4ee1051e03299a3fb52e9d915","name":"17829706113300081224","path":"C:\\Users\\26448\\Desktop\\DevEco\\entry\\.preview\\default\\intermediates\\res\\default\\module_compiled\\17829706113300081224","type":"file","isSymbolicLink":false,"fileMetaData":{"size":209,"lastModifiedTime":1746365733209}},{"hashValue":"4f00fea5127004861a90cdb050aebbbf","name":"18414853300549781010","path":"C:\\Users\\26448\\Desktop\\DevEco\\entry\\.preview\\default\\intermediates\\res\\default\\module_compiled\\18414853300549781010","type":"file","isSymbolicLink":false,"fileMetaData":{"size":218,"lastModifiedTime":1746365733209}},{"hashValue":"c172c11990a50de1b4adeea4b32edc75","name":"230789091756131833","path":"C:\\Users\\26448\\Desktop\\DevEco\\entry\\.preview\\default\\intermediates\\res\\default\\module_compiled\\230789091756131833","type":"file","isSymbolicLink":false,"fileMetaData":{"size":202,"lastModifiedTime":1746365733208}},{"hashValue":"61d178a16353cef365063a4d5f4b27d1","name":"3361973343182821350","path":"C:\\Users\\26448\\Desktop\\DevEco\\entry\\.preview\\default\\intermediates\\res\\default\\module_compiled\\3361973343182821350","type":"file","isSymbolicLink":false,"fileMetaData":{"size":199,"lastModifiedTime":1746365733208}},{"hashValue":"f733e16c88b712517419cc4d0765f096","name":"4156882542533383670","path":"C:\\Users\\26448\\Desktop\\DevEco\\entry\\.preview\\default\\intermediates\\res\\default\\module_compiled\\4156882542533383670","type":"file","isSymbolicLink":false,"fileMetaData":{"size":144,"lastModifiedTime":1746365733210}},{"hashValue":"61fdf297f73231628c15c713d9c9853e","name":"4693249597200356207","path":"C:\\Users\\26448\\Desktop\\DevEco\\entry\\.preview\\default\\intermediates\\res\\default\\module_compiled\\4693249597200356207","type":"file","isSymbolicLink":false,"fileMetaData":{"size":401,"lastModifiedTime":1746365733207}},{"hashValue":"56a7236037953692b31da41e50f36964","name":"6855808627915133806","path":"C:\\Users\\26448\\Desktop\\DevEco\\entry\\.preview\\default\\intermediates\\res\\default\\module_compiled\\6855808627915133806","type":"file","isSymbolicLink":false,"fileMetaData":{"size":136,"lastModifiedTime":1746365733206}}]},{"hashValue":"c07f9ff207e23dea5442c5a309d24e92","name":"module.json","path":"C:\\Users\\26448\\Desktop\\DevEco\\entry\\.preview\\default\\intermediates\\res\\default\\module.json","type":"file","isSymbolicLink":false,"fileMetaData":{"size":1599,"lastModifiedTime":1746365733334}},{"hashValue":"3b5243c19181a0bb57d2ba741735870b","name":"resources","path":"C:\\Users\\26448\\Desktop\\DevEco\\entry\\.preview\\default\\intermediates\\res\\default\\resources","type":"directory","isSymbolicLink":false,"children":[{"hashValue":"454fade6b427ee0e475cce7d69a67f2c","name":"base","path":"C:\\Users\\26448\\Desktop\\DevEco\\entry\\.preview\\default\\intermediates\\res\\default\\resources\\base","type":"directory","isSymbolicLink":false,"children":[{"hashValue":"40f85de51f27110cf30ab6b1dc8c4306","name":"media","path":"C:\\Users\\26448\\Desktop\\DevEco\\entry\\.preview\\default\\intermediates\\res\\default\\resources\\base\\media","type":"directory","isSymbolicLink":false,"children":[{"hashValue":"7731a63e980c22e387e16e581c6b9a09","name":"layered_image.json","path":"C:\\Users\\26448\\Desktop\\DevEco\\entry\\.preview\\default\\intermediates\\res\\default\\resources\\base\\media\\layered_image.json","type":"file","isSymbolicLink":false,"fileMetaData":{"size":95,"lastModifiedTime":1746365733277}}]},{"hashValue":"61751564adb4e609556d8712b2529f75","name":"profile","path":"C:\\Users\\26448\\Desktop\\DevEco\\entry\\.preview\\default\\intermediates\\res\\default\\resources\\base\\profile","type":"directory","isSymbolicLink":false,"children":[{"hashValue":"9f3a3ba8373e88aa4fe7fe374afda14d","name":"backup_config.json","path":"C:\\Users\\26448\\Desktop\\DevEco\\entry\\.preview\\default\\intermediates\\res\\default\\resources\\base\\profile\\backup_config.json","type":"file","isSymbolicLink":false,"fileMetaData":{"size":36,"lastModifiedTime":1741103364000}},{"hashValue":"2179b1c62ae6533ca2bb1cdf7fb78994","name":"main_pages.json","path":"C:\\Users\\26448\\Desktop\\DevEco\\entry\\.preview\\default\\intermediates\\res\\default\\resources\\base\\profile\\main_pages.json","type":"file","isSymbolicLink":false,"fileMetaData":{"size":24,"lastModifiedTime":1746365733307}}]}]}]},{"hashValue":"69365891ca4ad778e4ee96241149aca8","name":"resources.index","path":"C:\\Users\\26448\\Desktop\\DevEco\\entry\\.preview\\default\\intermediates\\res\\default\\resources.index","type":"file","isSymbolicLink":false,"fileMetaData":{"size":1403,"lastModifiedTime":1746365733278}},{"hashValue":"35de38afc33d3ffdad2bae5414f359f2","name":"ResourceTable.txt","path":"C:\\Users\\26448\\Desktop\\DevEco\\entry\\.preview\\default\\intermediates\\res\\default\\ResourceTable.txt","type":"file","isSymbolicLink":false,"fileMetaData":{"size":410,"lastModifiedTime":1746365733280}}]},"C:\\Users\\26448\\Desktop\\DevEco\\entry\\.preview\\default\\generated\\r\\default":{"hashValue":"7f00baaa523182ca6df83b4d5deb2fdf","name":"default","path":"C:\\Users\\26448\\Desktop\\DevEco\\entry\\.preview\\default\\generated\\r\\default","type":"directory","isSymbolicLink":false,"children":[{"hashValue":"af4c493cca4a71228350dce151582cb0","name":"ResourceTable.h","path":"C:\\Users\\26448\\Desktop\\DevEco\\entry\\.preview\\default\\generated\\r\\default\\ResourceTable.h","type":"file","isSymbolicLink":false,"fileMetaData":{"size":1337,"lastModifiedTime":1746365733280}}]},"C:\\Users\\26448\\Desktop\\DevEco\\entry\\src\\main\\resources\\base\\profile":{"hashValue":"31ff6c3daf4de70d872b24e6fecad9c9","name":"profile","path":"C:\\Users\\26448\\Desktop\\DevEco\\entry\\src\\main\\resources\\base\\profile","type":"directory","isSymbolicLink":false,"children":[{"hashValue":"9f3a3ba8373e88aa4fe7fe374afda14d","name":"backup_config.json","path":"C:\\Users\\26448\\Desktop\\DevEco\\entry\\src\\main\\resources\\base\\profile\\backup_config.json","type":"file","isSymbolicLink":false,"fileMetaData":{"size":36,"lastModifiedTime":1741103364000}},{"hashValue":"3b0f3dc0a992343610dcac9bc48776a1","name":"main_pages.json","path":"C:\\Users\\26448\\Desktop\\DevEco\\entry\\src\\main\\resources\\base\\profile\\main_pages.json","type":"file","isSymbolicLink":false,"fileMetaData":{"size":37,"lastModifiedTime":1741103364000}}]},"C:\\Users\\26448\\Desktop\\DevEco\\entry\\.preview\\default\\intermediates\\res\\default\\resources\\base\\profile":{"hashValue":"61751564adb4e609556d8712b2529f75","name":"profile","path":"C:\\Users\\26448\\Desktop\\DevEco\\entry\\.preview\\default\\intermediates\\res\\default\\resources\\base\\profile","type":"directory","isSymbolicLink":false,"children":[{"hashValue":"9f3a3ba8373e88aa4fe7fe374afda14d","name":"backup_config.json","path":"C:\\Users\\26448\\Desktop\\DevEco\\entry\\.preview\\default\\intermediates\\res\\default\\resources\\base\\profile\\backup_config.json","type":"file","isSymbolicLink":false,"fileMetaData":{"size":36,"lastModifiedTime":1741103364000}},{"hashValue":"2179b1c62ae6533ca2bb1cdf7fb78994","name":"main_pages.json","path":"C:\\Users\\26448\\Desktop\\DevEco\\entry\\.preview\\default\\intermediates\\res\\default\\resources\\base\\profile\\main_pages.json","type":"file","isSymbolicLink":false,"fileMetaData":{"size":24,"lastModifiedTime":1746365733307}}]},"C:\\Users\\26448\\Desktop\\DevEco\\entry\\.preview\\default\\intermediates\\res\\default\\module.json":{"hashValue":"c07f9ff207e23dea5442c5a309d24e92","name":"module.json","path":"C:\\Users\\26448\\Desktop\\DevEco\\entry\\.preview\\default\\intermediates\\res\\default\\module.json","type":"file","isSymbolicLink":false,"fileMetaData":{"size":1599,"lastModifiedTime":1746365733334}},"C:\\Users\\26448\\Desktop\\DevEco\\entry\\.preview\\default\\intermediates\\res\\default\\resources\\base\\profile\\main_pages.json":{"hashValue":"2179b1c62ae6533ca2bb1cdf7fb78994","name":"main_pages.json","path":"C:\\Users\\26448\\Desktop\\DevEco\\entry\\.preview\\default\\intermediates\\res\\default\\resources\\base\\profile\\main_pages.json","type":"file","isSymbolicLink":false,"fileMetaData":{"size":24,"lastModifiedTime":1746365733307}},"C:\\Users\\26448\\Desktop\\DevEco\\entry\\.preview\\default\\intermediates\\loader\\default":{"hashValue":"0e2a4f4d76efb09fa3c2b7be54f7737d","name":"default","path":"C:\\Users\\26448\\Desktop\\DevEco\\entry\\.preview\\default\\intermediates\\loader\\default","type":"directory","isSymbolicLink":false,"children":[{"hashValue":"4fa7e66086e830ea7a5acce0283ca507","name":"loader.json","path":"C:\\Users\\26448\\Desktop\\DevEco\\entry\\.preview\\default\\intermediates\\loader\\default\\loader.json","type":"file","isSymbolicLink":false,"fileMetaData":{"size":827,"lastModifiedTime":1741186697303}},{"hashValue":"b7c9940f35bea1a08a0e1afcb5ee7dfd","name":"pkgContextInfo.json","path":"C:\\Users\\26448\\Desktop\\DevEco\\entry\\.preview\\default\\intermediates\\loader\\default\\pkgContextInfo.json","type":"file","isSymbolicLink":false,"fileMetaData":{"size":444,"lastModifiedTime":1741186697113}}]},"C:\\Users\\26448\\Desktop\\DevEco\\entry\\.preview\\default\\intermediates\\res\\default\\ResourceTable.txt":{"hashValue":"35de38afc33d3ffdad2bae5414f359f2","name":"ResourceTable.txt","path":"C:\\Users\\26448\\Desktop\\DevEco\\entry\\.preview\\default\\intermediates\\res\\default\\ResourceTable.txt","type":"file","isSymbolicLink":false,"fileMetaData":{"size":410,"lastModifiedTime":1746365733280}},"C:\\Users\\26448\\Desktop\\DevEco\\entry\\src\\main\\ets":{"hashValue":"2796196c8cb001fc1edfac278ca39c4a","name":"ets","path":"C:\\Users\\26448\\Desktop\\DevEco\\entry\\src\\main\\ets","type":"directory","isSymbolicLink":false,"children":[{"hashValue":"c4f190ab0c882cb18408b61a19a21fcc","name":"entryability","path":"C:\\Users\\26448\\Desktop\\DevEco\\entry\\src\\main\\ets\\entryability","type":"directory","isSymbolicLink":false,"children":[{"hashValue":"000d43bed324ff100eb36278310cce79","name":"EntryAbility.ets","path":"C:\\Users\\26448\\Desktop\\DevEco\\entry\\src\\main\\ets\\entryability\\EntryAbility.ets","type":"file","isSymbolicLink":false,"fileMetaData":{"size":1623,"lastModifiedTime":1741103364000}}]},{"hashValue":"afb0d7622d9494bd413f47adda95b15d","name":"entrybackupability","path":"C:\\Users\\26448\\Desktop\\DevEco\\entry\\src\\main\\ets\\entrybackupability","type":"directory","isSymbolicLink":false,"children":[{"hashValue":"7771e9aec37d045e0830e62c696412b1","name":"EntryBackupAbility.ets","path":"C:\\Users\\26448\\Desktop\\DevEco\\entry\\src\\main\\ets\\entrybackupability\\EntryBackupAbility.ets","type":"file","isSymbolicLink":false,"fileMetaData":{"size":522,"lastModifiedTime":1741103367000}}]},{"hashValue":"1b0122882db7485a4b8f16b5244c0e2d","name":"pages","path":"C:\\Users\\26448\\Desktop\\DevEco\\entry\\src\\main\\ets\\pages","type":"directory","isSymbolicLink":false,"children":[{"hashValue":"725f94233456ec9bb15d51b4f39533eb","name":"Index.ets","path":"C:\\Users\\26448\\Desktop\\DevEco\\entry\\src\\main\\ets\\pages\\Index.ets","type":"file","isSymbolicLink":false,"fileMetaData":{"size":8181,"lastModifiedTime":1741192450718}}]}]},"C:\\Users\\26448\\Desktop\\DevEco\\entry\\.preview\\default\\intermediates\\loader_out\\default\\ets":{"hashValue":"","name":"emptyroot","path":"","type":"unknown","isSymbolicLink":false,"children":[]}}