{":DevEco:entry:default@PreBuild":{"_inputs":[{"dataType":"ValueEntry","value":"{\"_name\":\"BUILTIN_TASK_COMMAND\",\"_value\":\"\",\"_valueType\":\"string\",\"_hash\":\"0b5d05294fdf4e78e8482ef53eb64ac0\"}"},{"dataType":"ValueEntry","value":"{\"_name\":\"BUILTIN_TASK_ENV\",\"_value\":\"\",\"_valueType\":\"string\",\"_hash\":\"cdcdc2ec8062ca9ec1de46dbf2bbc053\"}"},{"dataType":"ValueEntry","value":"{\"_name\":\"BUILTIN_TASK_TOOLCHAIN\",\"_value\":\"\",\"_valueType\":\"string\",\"_hash\":\"e7f94a9422a8bc317a7d90b58efcb5f6\"}"},{"dataType":"ValueEntry","value":"{\"_name\":\"apiType\",\"_value\":\"stageMode\",\"_valueType\":\"string\",\"_hash\":\"699c7565645ea3ea8c88551a4926a3d5\"}"},{"dataType":"ValueEntry","value":"{\"_name\":\"byteCodeHar\",\"_value\":false,\"_valueType\":\"boolean\",\"_hash\":\"1918a3ccb645ccacd0aedd84fc6cf8a4\"}"},{"dataType":"ValueEntry","value":"{\"_name\":\"codeType\",\"_value\":true,\"_valueType\":\"boolean\",\"_hash\":\"d6dcf21a9f078b661283507536e57ce8\"}"},{"dataType":"ValueEntry","value":"{\"_name\":\"compatibleApiVersion\",\"_value\":14,\"_valueType\":\"number\",\"_hash\":\"b4557c00f19b84e4127d25871ad78e48\"}"},{"dataType":"ValueEntry","value":"{\"_name\":\"compileApiVersion\",\"_value\":14,\"_valueType\":\"number\",\"_hash\":\"9818aaec7bfe7504d81668c694051752\"}"},{"dataType":"ValueEntry","value":"{\"_name\":\"configuration\",\"_value\":\"\",\"_valueType\":\"string\",\"_hash\":\"d12f0038691f8f34d654391bbcee2f8e\"}"},{"dataType":"ValueEntry","value":"{\"_name\":\"configurationFileJson\",\"_value\":\"\",\"_valueType\":\"string\",\"_hash\":\"2b55287f40f7e8896b21bab4028e156b\"}"},{"dataType":"ValueEntry","value":"{\"_name\":\"customTypes\",\"_value\":\"\",\"_valueType\":\"string\",\"_hash\":\"970a2695bffac1c5a4fa283dc36050e3\"}"},{"dataType":"ValueEntry","value":"{\"_name\":\"deviceType\",\"_value\":[\"phone\",\"tablet\",\"2in1\"],\"_valueType\":\"object\",\"_hash\":\"82734343919a9219c848a93ce88dfb4d\"}"},{"dataType":"ValueEntry","value":"{\"_name\":\"integrated_hsp\",\"_value\":false,\"_valueType\":\"boolean\",\"_hash\":\"2538281751f182d9123d2ab28efaf9be\"}"},{"dataType":"ValueEntry","value":"{\"_name\":\"isSupportOhpmProj\",\"_value\":true,\"_valueType\":\"boolean\",\"_hash\":\"f3a249d7e3f751316e931b8a08b074b4\"}"},{"dataType":"ValueEntry","value":"{\"_name\":\"mockConfigSources\",\"_value\":\"\",\"_valueType\":\"string\",\"_hash\":\"c489be8273867a50afbc86c53d938c92\"}"},{"dataType":"ValueEntry","value":"{\"_name\":\"moduleJsonOpt\",\"_value\":\"{\\\"jsonFilePath\\\":\\\"C:\\\\\\\\Users\\\\\\\\26448\\\\\\\\Desktop\\\\\\\\DevEco\\\\\\\\entry\\\\\\\\src\\\\\\\\main\\\\\\\\module.json5\\\",\\\"profile\\\":{\\\"module\\\":{\\\"name\\\":\\\"entry\\\",\\\"type\\\":\\\"entry\\\",\\\"description\\\":\\\"$string:module_desc\\\",\\\"mainElement\\\":\\\"EntryAbility\\\",\\\"deviceTypes\\\":[\\\"phone\\\",\\\"tablet\\\",\\\"2in1\\\"],\\\"deliveryWithInstall\\\":true,\\\"installationFree\\\":false,\\\"pages\\\":\\\"$profile:main_pages\\\",\\\"abilities\\\":[{\\\"name\\\":\\\"EntryAbility\\\",\\\"srcEntry\\\":\\\"./ets/entryability/EntryAbility.ets\\\",\\\"description\\\":\\\"$string:EntryAbility_desc\\\",\\\"icon\\\":\\\"$media:layered_image\\\",\\\"label\\\":\\\"$string:EntryAbility_label\\\",\\\"startWindowIcon\\\":\\\"$media:startIcon\\\",\\\"startWindowBackground\\\":\\\"$color:start_window_background\\\",\\\"exported\\\":true,\\\"skills\\\":[{\\\"entities\\\":[\\\"entity.system.home\\\"],\\\"actions\\\":[\\\"action.system.home\\\"]}]}],\\\"extensionAbilities\\\":[{\\\"name\\\":\\\"EntryBackupAbility\\\",\\\"srcEntry\\\":\\\"./ets/entrybackupability/EntryBackupAbility.ets\\\",\\\"type\\\":\\\"backup\\\",\\\"exported\\\":false,\\\"metadata\\\":[{\\\"name\\\":\\\"ohos.extension.backup\\\",\\\"resource\\\":\\\"$profile:backup_config\\\"}]}]}},\\\"deviceTypes\\\":[\\\"phone\\\",\\\"tablet\\\",\\\"2in1\\\"],\\\"deviceConfig\\\":\\\"deviceTypes\\\",\\\"configurationProfile\\\":\\\"module.json5\\\"}\",\"_valueType\":\"string\",\"_hash\":\"b20c3d88f105ec94d88227aa9307fc19\"}"},{"dataType":"ValueEntry","value":"{\"_name\":\"profileModuleName\",\"_value\":\"entry\",\"_valueType\":\"string\",\"_hash\":\"b174ea6ff5824844dde5ad92f6b3ef2b\"}"},{"dataType":"ValueEntry","value":"{\"_name\":\"sdkToolchainsComponentVersion\",\"_value\":\"5.0.2.123\",\"_valueType\":\"string\",\"_hash\":\"96bb1e6c7751a5eed3b10dea091ac599\"}"},{"dataType":"ValueEntry","value":"{\"_name\":\"sourceRoots\",\"_value\":true,\"_valueType\":\"boolean\",\"_hash\":\"a369c115d2c4122f3819759804ec9d35\"}"},{"dataType":"ValueEntry","value":"{\"_name\":\"targetStatusCode\",\"_value\":2,\"_valueType\":\"number\",\"_hash\":\"5a9255c0f4ee50904a9349ebafca8369\"}"},{"dataType":"ValueEntry","value":"{\"_name\":\"transformLib\",\"_value\":\"\",\"_valueType\":\"string\",\"_hash\":\"7d270d0ce7ae5c6e2e32760cb396ea5a\"}"},{"dataType":"ValueEntry","value":"{\"_name\":\"useNormalizedOHMUrl\",\"_value\":true,\"_valueType\":\"boolean\",\"_hash\":\"05eabcf12e6fe230e579e0fd37679db6\"}"}],"_successful":true,"_projectName":"DevEco","_moduleName":"entry","_taskName":"default@PreBuild","_key":":DevEco:entry:default@PreBuild","_executionId":":DevEco:entry:default@PreBuild:1741186696969","_inputFiles":{"dataType":"Map","value":[["C:\\Users\\26448\\Desktop\\DevEco\\AppScope\\app.json5",{"isDirectory":false,"fileSnapShotHashValue":"048f9baec8e066df11f8910d632e014d"}],["C:\\Users\\26448\\Desktop\\DevEco\\entry\\src\\main\\module.json5",{"isDirectory":false,"fileSnapShotHashValue":"a4c2cf06eb42cf46c0038ad50f821983"}],["C:\\Users\\26448\\Desktop\\DevEco\\build-profile.json5",{"fileSnapShotHashValue":"9360284653b921cbb217f41483b1ef11"}],["C:\\Users\\26448\\Desktop\\DevEco\\entry\\build-profile.json5",{"fileSnapShotHashValue":"ac27c0df97d7ea9c3af2ed18f1cdb40b"}],["C:\\Users\\26448\\Desktop\\DevEco\\entry\\src\\main\\resources\\base\\profile\\main_pages.json",{"fileSnapShotHashValue":"3b0f3dc0a992343610dcac9bc48776a1"}],["C:\\Users\\26448\\Desktop\\DevEco\\hvigor\\hvigor-config.json5",{"isDirectory":true,"fileSnapShotHashValue":"1048aad733c616a42087bf86420647c8"}],["C:\\Users\\26448\\Desktop\\DevEco\\entry\\src\\mock\\mock-config.json5",{"isDirectory":false,"fileSnapShotHashValue":"b1747703b23f7db69fcdff412900b559"}],["C:\\Users\\26448\\Desktop\\DevEco\\entry\\oh-package.json5",{"fileSnapShotHashValue":"4cc499c27b1cd62b9dcfdcfc50f2ff84"}]]},"_outputFiles":{"dataType":"Map","value":[]}},":DevEco:entry:default@MergeProfile":{"_inputs":[{"dataType":"ValueEntry","value":"{\"_name\":\"BUILTIN_TASK_COMMAND\",\"_value\":\"\",\"_valueType\":\"string\",\"_hash\":\"0b5d05294fdf4e78e8482ef53eb64ac0\"}"},{"dataType":"ValueEntry","value":"{\"_name\":\"BUILTIN_TASK_ENV\",\"_value\":\"\",\"_valueType\":\"string\",\"_hash\":\"cdcdc2ec8062ca9ec1de46dbf2bbc053\"}"},{"dataType":"ValueEntry","value":"{\"_name\":\"BUILTIN_TASK_TOOLCHAIN\",\"_value\":\"\",\"_valueType\":\"string\",\"_hash\":\"e7f94a9422a8bc317a7d90b58efcb5f6\"}"},{"dataType":"ValueEntry","value":"{\"_name\":\"appJsonOpt\",\"_value\":\"{\\\"app\\\":{\\\"bundleName\\\":\\\"com.example.myapplication\\\",\\\"vendor\\\":\\\"example\\\",\\\"versionCode\\\":1000000,\\\"versionName\\\":\\\"1.0.0\\\",\\\"icon\\\":\\\"$media:app_icon\\\",\\\"label\\\":\\\"$string:app_name\\\"}}\",\"_valueType\":\"string\",\"_hash\":\"cc6c420a5b1d04d1e32082a845dfb99e\"}"},{"dataType":"ValueEntry","value":"{\"_name\":\"asanEnable\",\"_value\":false,\"_valueType\":\"boolean\",\"_hash\":\"bc2129ba20a21b7e5234139ede1b4d7b\"}"},{"dataType":"ValueEntry","value":"{\"_name\":\"buildProfileAbilities\",\"_valueType\":\"undefined\",\"_hash\":\"40d5093f345351dd6d67ce5d6a209345\"}"},{"dataType":"ValueEntry","value":"{\"_name\":\"buildRoot\",\"_value\":\".preview\",\"_valueType\":\"string\",\"_hash\":\"88e9a315669657b02bc470a13f92befe\"}"},{"dataType":"ValueEntry","value":"{\"_name\":\"compatibleSdkVersion\",\"_value\":14,\"_valueType\":\"number\",\"_hash\":\"3b23e0aee1cf1345b8114a4c9a3e62ca\"}"},{"dataType":"ValueEntry","value":"{\"_name\":\"hwasanEnable\",\"_value\":false,\"_valueType\":\"boolean\",\"_hash\":\"d35c8440e915c3a94c482ddd6f7af075\"}"},{"dataType":"ValueEntry","value":"{\"_name\":\"integratedHsp\",\"_value\":false,\"_valueType\":\"boolean\",\"_hash\":\"e67900c25b1f9fb70cc779de77dc6912\"}"},{"dataType":"ValueEntry","value":"{\"_name\":\"isBundledDependencies\",\"_value\":false,\"_valueType\":\"boolean\",\"_hash\":\"a69aa552317c7a6e087cb84a5722e050\"}"},{"dataType":"ValueEntry","value":"{\"_name\":\"isDebug\",\"_value\":true,\"_valueType\":\"boolean\",\"_hash\":\"edbf05a2d2be2c385e75d9565a48d419\"}"},{"dataType":"ValueEntry","value":"{\"_name\":\"isHarModule\",\"_value\":false,\"_valueType\":\"boolean\",\"_hash\":\"a15b7a3ed818faa99a4a10d67f52cb72\"}"},{"dataType":"ValueEntry","value":"{\"_name\":\"moduleJsonOpt\",\"_value\":\"{\\\"module\\\":{\\\"name\\\":\\\"entry\\\",\\\"type\\\":\\\"entry\\\",\\\"description\\\":\\\"$string:module_desc\\\",\\\"mainElement\\\":\\\"EntryAbility\\\",\\\"deviceTypes\\\":[\\\"phone\\\",\\\"tablet\\\",\\\"2in1\\\"],\\\"deliveryWithInstall\\\":true,\\\"installationFree\\\":false,\\\"pages\\\":\\\"$profile:main_pages\\\",\\\"abilities\\\":[{\\\"name\\\":\\\"EntryAbility\\\",\\\"srcEntry\\\":\\\"./ets/entryability/EntryAbility.ets\\\",\\\"description\\\":\\\"$string:EntryAbility_desc\\\",\\\"icon\\\":\\\"$media:layered_image\\\",\\\"label\\\":\\\"$string:EntryAbility_label\\\",\\\"startWindowIcon\\\":\\\"$media:startIcon\\\",\\\"startWindowBackground\\\":\\\"$color:start_window_background\\\",\\\"exported\\\":true,\\\"skills\\\":[{\\\"entities\\\":[\\\"entity.system.home\\\"],\\\"actions\\\":[\\\"action.system.home\\\"]}]}],\\\"extensionAbilities\\\":[{\\\"name\\\":\\\"EntryBackupAbility\\\",\\\"srcEntry\\\":\\\"./ets/entrybackupability/EntryBackupAbility.ets\\\",\\\"type\\\":\\\"backup\\\",\\\"exported\\\":false,\\\"metadata\\\":[{\\\"name\\\":\\\"ohos.extension.backup\\\",\\\"resource\\\":\\\"$profile:backup_config\\\"}]}]}}\",\"_valueType\":\"string\",\"_hash\":\"367d0f93272e9a7f56f6f5bdfab85361\"}"},{"dataType":"ValueEntry","value":"{\"_name\":\"multiProjects\",\"_value\":false,\"_valueType\":\"boolean\",\"_hash\":\"555604752defc243b4e4c55d1549fc06\"}"},{"dataType":"ValueEntry","value":"{\"_name\":\"projectConfigAppOpt\",\"_valueType\":\"undefined\",\"_hash\":\"b52997704fa206ed96a13a1f2e464a85\"}"},{"dataType":"ValueEntry","value":"{\"_name\":\"releaseType\",\"_value\":\"Beta1\",\"_valueType\":\"string\",\"_hash\":\"1a006c1958194950c056f6e6aa5438b0\"}"},{"dataType":"ValueEntry","value":"{\"_name\":\"targetSdkVersion\",\"_value\":14,\"_valueType\":\"number\",\"_hash\":\"a0871669f157ed4efdda103625c1fcf4\"}"},{"dataType":"ValueEntry","value":"{\"_name\":\"tsanEnable\",\"_value\":false,\"_valueType\":\"boolean\",\"_hash\":\"086cac69f102cdd9ee25e54982ad7b76\"}"},{"dataType":"ValueEntry","value":"{\"_name\":\"ubsanEnable\",\"_value\":false,\"_valueType\":\"boolean\",\"_hash\":\"3b15da42c5f4b695fbd1d0b43191764a\"}"}],"_successful":true,"_projectName":"DevEco","_moduleName":"entry","_taskName":"default@MergeProfile","_key":":DevEco:entry:default@MergeProfile","_executionId":":DevEco:entry:default@MergeProfile:1741186697079","_inputFiles":{"dataType":"Map","value":[["C:\\Users\\26448\\Desktop\\DevEco\\AppScope\\app.json5",{"fileSnapShotHashValue":"048f9baec8e066df11f8910d632e014d"}],["C:\\Users\\26448\\Desktop\\DevEco\\build-profile.json5",{"fileSnapShotHashValue":"9360284653b921cbb217f41483b1ef11"}],["C:\\Users\\26448\\Desktop\\DevEco\\entry\\src\\main\\module.json5",{"fileSnapShotHashValue":"a4c2cf06eb42cf46c0038ad50f821983"}]]},"_outputFiles":{"dataType":"Map","value":[["C:\\Users\\26448\\Desktop\\DevEco\\entry\\.preview\\default\\intermediates\\merge_profile\\default\\module.json",{"fileSnapShotHashValue":"2fb0b86234f49cd4ed964adb6b34718f"}]]}},":DevEco:entry:default@CreateBuildProfile":{"_inputs":[{"dataType":"ValueEntry","value":"{\"_name\":\"BUILTIN_TASK_COMMAND\",\"_value\":\"\",\"_valueType\":\"string\",\"_hash\":\"0b5d05294fdf4e78e8482ef53eb64ac0\"}"},{"dataType":"ValueEntry","value":"{\"_name\":\"BUILTIN_TASK_ENV\",\"_value\":\"\",\"_valueType\":\"string\",\"_hash\":\"cdcdc2ec8062ca9ec1de46dbf2bbc053\"}"},{"dataType":"ValueEntry","value":"{\"_name\":\"BUILTIN_TASK_TOOLCHAIN\",\"_value\":\"\",\"_valueType\":\"string\",\"_hash\":\"e7f94a9422a8bc317a7d90b58efcb5f6\"}"},{"dataType":"ValueEntry","value":"{\"_name\":\"buildMode\",\"_value\":\"Debug\",\"_valueType\":\"string\",\"_hash\":\"8120d22ada0d6de22b101e1f4ea16e81\"}"},{"dataType":"ValueEntry","value":"{\"_name\":\"buildModeName\",\"_value\":\"debug\",\"_valueType\":\"string\",\"_hash\":\"3f0246ea410fd9efa9fc7196cca045e3\"}"},{"dataType":"ValueEntry","value":"{\"_name\":\"buildProfileFields\",\"_value\":\"\",\"_valueType\":\"string\",\"_hash\":\"21090e125326cef17357e44b789a1ab5\"}"},{"dataType":"ValueEntry","value":"{\"_name\":\"projectOhosConfigAppOpt\",\"_value\":\"\",\"_valueType\":\"string\",\"_hash\":\"7613f1b2cb16d78bb723d12882b0d923\"}"}],"_successful":true,"_projectName":"DevEco","_moduleName":"entry","_taskName":"default@CreateBuildProfile","_key":":DevEco:entry:default@CreateBuildProfile","_executionId":":DevEco:entry:default@CreateBuildProfile:1741186697098","_inputFiles":{"dataType":"Map","value":[["C:\\Users\\26448\\Desktop\\DevEco\\AppScope\\app.json5",{"fileSnapShotHashValue":"048f9baec8e066df11f8910d632e014d"}],["C:\\Users\\26448\\Desktop\\DevEco\\build-profile.json5",{"fileSnapShotHashValue":"9360284653b921cbb217f41483b1ef11"}]]},"_outputFiles":{"dataType":"Map","value":[["C:\\Users\\26448\\Desktop\\DevEco\\entry\\.preview\\default\\generated\\profile\\default\\BuildProfile.ets",{"fileSnapShotHashValue":"d4129c6325b8fa3ba6a46cc87ec9a599"}]]}},":DevEco:entry:default@GeneratePkgContextInfo":{"_inputs":[{"dataType":"ValueEntry","value":"{\"_name\":\"BUILTIN_TASK_COMMAND\",\"_value\":\"\",\"_valueType\":\"string\",\"_hash\":\"0b5d05294fdf4e78e8482ef53eb64ac0\"}"},{"dataType":"ValueEntry","value":"{\"_name\":\"BUILTIN_TASK_ENV\",\"_value\":\"\",\"_valueType\":\"string\",\"_hash\":\"cdcdc2ec8062ca9ec1de46dbf2bbc053\"}"},{"dataType":"ValueEntry","value":"{\"_name\":\"BUILTIN_TASK_TOOLCHAIN\",\"_value\":\"\",\"_valueType\":\"string\",\"_hash\":\"e7f94a9422a8bc317a7d90b58efcb5f6\"}"},{"dataType":"ValueEntry","value":"{\"_name\":\"pkgContextInfoMap-@ohos/hamock\",\"_value\":\"566d0d1ba1afb93928c8984a8fae6421\",\"_valueType\":\"string\",\"_hash\":\"52638b5b8d5967d85f7d558e6c0897dd\"}"},{"dataType":"ValueEntry","value":"{\"_name\":\"pkgContextInfoMap-@ohos/hypium\",\"_value\":\"69dbd9141bebef47c71175aada1bd7bf\",\"_valueType\":\"string\",\"_hash\":\"65eb1ae89d72758b386a93dddd5db61d\"}"},{"dataType":"ValueEntry","value":"{\"_name\":\"pkgContextInfoMap-entry\",\"_value\":\"a8164913e569f3b3b2485e1811ddf44d\",\"_valueType\":\"string\",\"_hash\":\"6fbb0d2287cd1f34051162075393f37a\"}"},{"dataType":"ValueEntry","value":"{\"_name\":\"useNormalizedOHMUrl\",\"_value\":true,\"_valueType\":\"boolean\",\"_hash\":\"05eabcf12e6fe230e579e0fd37679db6\"}"}],"_successful":true,"_projectName":"DevEco","_moduleName":"entry","_taskName":"default@GeneratePkgContextInfo","_key":":DevEco:entry:default@GeneratePkgContextInfo","_executionId":":DevEco:entry:default@GeneratePkgContextInfo:1741186697112","_inputFiles":{"dataType":"Map","value":[]},"_outputFiles":{"dataType":"Map","value":[["C:\\Users\\26448\\Desktop\\DevEco\\entry\\.preview\\default\\intermediates\\loader\\default\\pkgContextInfo.json",{"isDirectory":false,"fileSnapShotHashValue":"b7c9940f35bea1a08a0e1afcb5ee7dfd"}]]}},":DevEco:entry:default@ProcessProfile":{"_inputs":[{"dataType":"ValueEntry","value":"{\"_name\":\"BUILTIN_TASK_COMMAND\",\"_value\":\"\",\"_valueType\":\"string\",\"_hash\":\"0b5d05294fdf4e78e8482ef53eb64ac0\"}"},{"dataType":"ValueEntry","value":"{\"_name\":\"BUILTIN_TASK_ENV\",\"_value\":\"\",\"_valueType\":\"string\",\"_hash\":\"cdcdc2ec8062ca9ec1de46dbf2bbc053\"}"},{"dataType":"ValueEntry","value":"{\"_name\":\"BUILTIN_TASK_TOOLCHAIN\",\"_value\":\"\",\"_valueType\":\"string\",\"_hash\":\"e7f94a9422a8bc317a7d90b58efcb5f6\"}"},{"dataType":"ValueEntry","value":"{\"_name\":\"arkEnable\",\"_value\":true,\"_valueType\":\"boolean\",\"_hash\":\"750b4bda198545a67903dfb3f6a00a95\"}"},{"dataType":"ValueEntry","value":"{\"_name\":\"compatibleSdkVersionStage\",\"_value\":\"\",\"_valueType\":\"string\",\"_hash\":\"713e499a13beffe12f1dfb936f957a2a\"}"},{"dataType":"ValueEntry","value":"{\"_name\":\"compileMode\",\"_value\":\"esmodule\",\"_valueType\":\"string\",\"_hash\":\"dacafc8e0b77a950178a0b4d142dc32c\"}"},{"dataType":"ValueEntry","value":"{\"_name\":\"dependency\",\"_value\":\"[]\",\"_valueType\":\"string\",\"_hash\":\"ac54f3d4ced2d4c1d666d40e4f7c454a\"}"},{"dataType":"ValueEntry","value":"{\"_name\":\"deviceTypes\",\"_value\":[\"phone\",\"tablet\",\"2in1\"],\"_valueType\":\"object\",\"_hash\":\"955f8760c6b7289b81ed107c2c4df075\"}"}],"_successful":true,"_projectName":"DevEco","_moduleName":"entry","_taskName":"default@ProcessProfile","_key":":DevEco:entry:default@ProcessProfile","_executionId":":DevEco:entry:default@ProcessProfile:1741186697117","_inputFiles":{"dataType":"Map","value":[["C:\\Users\\26448\\Desktop\\DevEco\\entry\\.preview\\default\\intermediates\\merge_profile\\default\\module.json",{"fileSnapShotHashValue":"2fb0b86234f49cd4ed964adb6b34718f"}]]},"_outputFiles":{"dataType":"Map","value":[["C:\\Users\\26448\\Desktop\\DevEco\\entry\\.preview\\default\\intermediates\\process_profile\\default\\module.json",{"fileSnapShotHashValue":"7218103fbbc5096681d07c93ab84d31e"}]]}},":DevEco:entry:default@ProcessRouterMap":{"_inputs":[{"dataType":"ValueEntry","value":"{\"_name\":\"BUILTIN_TASK_COMMAND\",\"_value\":\"\",\"_valueType\":\"string\",\"_hash\":\"0b5d05294fdf4e78e8482ef53eb64ac0\"}"},{"dataType":"ValueEntry","value":"{\"_name\":\"BUILTIN_TASK_ENV\",\"_value\":\"\",\"_valueType\":\"string\",\"_hash\":\"cdcdc2ec8062ca9ec1de46dbf2bbc053\"}"},{"dataType":"ValueEntry","value":"{\"_name\":\"BUILTIN_TASK_TOOLCHAIN\",\"_value\":\"\",\"_valueType\":\"string\",\"_hash\":\"e7f94a9422a8bc317a7d90b58efcb5f6\"}"},{"dataType":"ValueEntry","value":"{\"_name\":\"byteCodeHar\",\"_value\":false,\"_valueType\":\"boolean\",\"_hash\":\"1918a3ccb645ccacd0aedd84fc6cf8a4\"}"},{"dataType":"ValueEntry","value":"{\"_name\":\"obfuscated\",\"_value\":true,\"_valueType\":\"boolean\",\"_hash\":\"a69c27b9cf01a6710d3662cfe180239f\"}"},{"dataType":"ValueEntry","value":"{\"_name\":\"useNormalizedOHMUrl\",\"_value\":true,\"_valueType\":\"boolean\",\"_hash\":\"05eabcf12e6fe230e579e0fd37679db6\"}"}],"_successful":true,"_projectName":"DevEco","_moduleName":"entry","_taskName":"default@ProcessRouterMap","_key":":DevEco:entry:default@ProcessRouterMap","_executionId":":DevEco:entry:default@ProcessRouterMap:1741186697269","_inputFiles":{"dataType":"Map","value":[["C:\\Users\\26448\\Desktop\\DevEco\\entry\\oh-package.json5",{"fileSnapShotHashValue":"4cc499c27b1cd62b9dcfdcfc50f2ff84"}],["C:\\Users\\26448\\Desktop\\DevEco\\oh-package.json5",{"fileSnapShotHashValue":"bf51c4f9c43efbc58c66220385b02a64"}],["C:\\Users\\26448\\Desktop\\DevEco\\entry\\src\\main\\module.json5",{"fileSnapShotHashValue":"a4c2cf06eb42cf46c0038ad50f821983"}],["C:\\Users\\26448\\Desktop\\DevEco\\entry\\.preview\\default\\intermediates\\loader\\default\\pkgContextInfo.json",{"fileSnapShotHashValue":"b7c9940f35bea1a08a0e1afcb5ee7dfd"}]]},"_outputFiles":{"dataType":"Map","value":[["C:\\Users\\26448\\Desktop\\DevEco\\entry\\.preview\\default\\intermediates\\router_map\\default\\temp-router-map.json",{"fileSnapShotHashValue":"29ae1600b0f16394562e94eb16176121"}],["C:\\Users\\26448\\Desktop\\DevEco\\entry\\.preview\\default\\intermediates\\router_map\\default\\loader-router-map.json",{"fileSnapShotHashValue":"0e38b82034678a295ba2b66a4f1415bd"}]]}},":DevEco:entry:default@GenerateLoaderJson":{"_inputs":[{"dataType":"ValueEntry","value":"{\"_name\":\"BUILTIN_TASK_COMMAND\",\"_value\":\"\",\"_valueType\":\"string\",\"_hash\":\"0b5d05294fdf4e78e8482ef53eb64ac0\"}"},{"dataType":"ValueEntry","value":"{\"_name\":\"BUILTIN_TASK_ENV\",\"_value\":\"\",\"_valueType\":\"string\",\"_hash\":\"cdcdc2ec8062ca9ec1de46dbf2bbc053\"}"},{"dataType":"ValueEntry","value":"{\"_name\":\"BUILTIN_TASK_TOOLCHAIN\",\"_value\":\"\",\"_valueType\":\"string\",\"_hash\":\"e7f94a9422a8bc317a7d90b58efcb5f6\"}"},{"dataType":"ValueEntry","value":"{\"_name\":\"anBuildMode\",\"_value\":\"type\",\"_valueType\":\"string\",\"_hash\":\"de241a1eec94a2a622ff1c89f32846a2\"}"},{"dataType":"ValueEntry","value":"{\"_name\":\"apPath\",\"_value\":\"C:\\\\Users\\\\26448\\\\Desktop\\\\DevEco\\\\entry\\\\modules.ap\",\"_valueType\":\"string\",\"_hash\":\"79d6ec3cebb13d4e4ca829989cb6ad7d\"}"},{"dataType":"ValueEntry","value":"{\"_name\":\"compatibleApiVersion\",\"_value\":14,\"_valueType\":\"number\",\"_hash\":\"b4557c00f19b84e4127d25871ad78e48\"}"},{"dataType":"ValueEntry","value":"{\"_name\":\"compileApiVersion\",\"_value\":14,\"_valueType\":\"number\",\"_hash\":\"9818aaec7bfe7504d81668c694051752\"}"},{"dataType":"ValueEntry","value":"{\"_name\":\"compileMode\",\"_value\":\"esmodule\",\"_valueType\":\"string\",\"_hash\":\"dacafc8e0b77a950178a0b4d142dc32c\"}"},{"dataType":"ValueEntry","value":"{\"_name\":\"fallbackAnBuild\",\"_value\":false,\"_valueType\":\"boolean\",\"_hash\":\"a63e98bb3f368ced6ed4d5579ea7ca39\"}"},{"dataType":"ValueEntry","value":"{\"_name\":\"harNameOhmMap\",\"_value\":\"{}\",\"_valueType\":\"string\",\"_hash\":\"0faf006bccbcdc2c7f04ff2d8c87894f\"}"},{"dataType":"ValueEntry","value":"{\"_name\":\"hspNameOhmMap\",\"_value\":\"{}\",\"_valueType\":\"string\",\"_hash\":\"0e2d87e0c1ed279c66bc3efb8683e5d1\"}"},{"dataType":"ValueEntry","value":"{\"_name\":\"isBundledDependencies\",\"_value\":false,\"_valueType\":\"boolean\",\"_hash\":\"a69aa552317c7a6e087cb84a5722e050\"}"},{"dataType":"ValueEntry","value":"{\"_name\":\"isByteCodeHar\",\"_value\":false,\"_valueType\":\"boolean\",\"_hash\":\"c5f9b9e5cabee4253d52d0d01ca64ba2\"}"},{"dataType":"ValueEntry","value":"{\"_name\":\"isFullCompilationEnabled\",\"_value\":true,\"_valueType\":\"boolean\",\"_hash\":\"98b683d049e4e7fc32ef1be5321fe0b6\"}"},{"dataType":"ValueEntry","value":"{\"_name\":\"isHarWithCoverage\",\"_value\":false,\"_valueType\":\"boolean\",\"_hash\":\"7224a86bd9c5f83cb9a1a61584afcfb4\"}"},{"dataType":"ValueEntry","value":"{\"_name\":\"isOhosTest\",\"_value\":false,\"_valueType\":\"boolean\",\"_hash\":\"d82a43074b4d7726f9a69dbce1ae80d2\"}"},{"dataType":"ValueEntry","value":"{\"_name\":\"modulePathMap\",\"_value\":\"{\\\"entry\\\":\\\"C:\\\\\\\\Users\\\\\\\\26448\\\\\\\\Desktop\\\\\\\\DevEco\\\\\\\\entry\\\"}\",\"_valueType\":\"string\",\"_hash\":\"688cb1c8fdd1e211ff8905281413acfe\"}"},{"dataType":"ValueEntry","value":"{\"_name\":\"module_dependencies\",\"_value\":\"{}\",\"_valueType\":\"string\",\"_hash\":\"974757f304b5bfd1c1454ea7a38cd0d5\"}"},{"dataType":"ValueEntry","value":"{\"_name\":\"needSubmitArkTsWidget\",\"_value\":false,\"_valueType\":\"boolean\",\"_hash\":\"dc1ab65720a503a3d9098eab280b7116\"}"},{"dataType":"ValueEntry","value":"{\"_name\":\"nodeModulesPath\",\"_value\":\"C:\\\\Users\\\\26448\\\\Desktop\\\\DevEco\\\\entry\\\\.preview\\\\default\\\\intermediates\\\\loader_out\\\\default\\\\node_modules\",\"_valueType\":\"string\",\"_hash\":\"9b5cf4ae9d1fcb5d12c5e92020e58e73\"}"},{"dataType":"ValueEntry","value":"{\"_name\":\"overrides\",\"_valueType\":\"undefined\",\"_hash\":\"0e8f66f8eb79c6f33fb153c3fc3942f4\"}"},{"dataType":"ValueEntry","value":"{\"_name\":\"patchConfig\",\"_valueType\":\"undefined\",\"_hash\":\"4620e35a57f3f6f55564cea6f6128e50\"}"},{"dataType":"ValueEntry","value":"{\"_name\":\"projectRootPath\",\"_value\":\"C:\\\\Users\\\\26448\\\\Desktop\\\\DevEco\",\"_valueType\":\"string\",\"_hash\":\"c710ee06fa899a81a8930d1cd9cf40dc\"}"},{"dataType":"ValueEntry","value":"{\"_name\":\"project_dependencies\",\"_value\":\"{}\",\"_valueType\":\"string\",\"_hash\":\"e15496bf1de2273597f444f07f1ca6d5\"}"},{"dataType":"ValueEntry","value":"{\"_name\":\"shouldTreatHarAsHap\",\"_value\":false,\"_valueType\":\"boolean\",\"_hash\":\"24c9a48f68bd9cc73238825ca10c9629\"}"},{"dataType":"ValueEntry","value":"{\"_name\":\"targetConfig\",\"_value\":\"{\\\"name\\\":\\\"default\\\"}\",\"_valueType\":\"string\",\"_hash\":\"44f0c01d44e2bbf4013c5bb1f232e1fe\"}"},{"dataType":"ValueEntry","value":"{\"_name\":\"useNormalizedOHMUrl\",\"_value\":true,\"_valueType\":\"boolean\",\"_hash\":\"05eabcf12e6fe230e579e0fd37679db6\"}"}],"_successful":true,"_projectName":"DevEco","_moduleName":"entry","_taskName":"default@GenerateLoaderJson","_key":":DevEco:entry:default@GenerateLoaderJson","_executionId":":DevEco:entry:default@GenerateLoaderJson:1741186697293","_inputFiles":{"dataType":"Map","value":[["C:\\Users\\26448\\Desktop\\DevEco\\entry\\src\\mock\\mock-config.json5",{"fileSnapShotHashValue":"b1747703b23f7db69fcdff412900b559"}],["C:\\Users\\26448\\Desktop\\DevEco\\entry\\.preview\\default\\intermediates\\loader\\default\\pkgContextInfo.json",{"fileSnapShotHashValue":"b7c9940f35bea1a08a0e1afcb5ee7dfd"}],["C:\\Users\\26448\\Desktop\\DevEco\\entry\\.preview\\default\\intermediates\\router_map\\default\\temp-router-map.json",{"fileSnapShotHashValue":"29ae1600b0f16394562e94eb16176121"}]]},"_outputFiles":{"dataType":"Map","value":[["C:\\Users\\26448\\Desktop\\DevEco\\entry\\.preview\\default\\intermediates\\loader\\default\\loader.json",{"isDirectory":false,"fileSnapShotHashValue":"4fa7e66086e830ea7a5acce0283ca507"}]]}},":DevEco:entry:default@PreviewCompileResource":{"_inputs":[{"dataType":"ValueEntry","value":"{\"_name\":\"PREVIEWER_REPLACE_PAGE\",\"_valueType\":\"undefined\"}"},{"dataType":"ValueEntry","value":"{\"_name\":\"PREVIEWER_REPLACE_SRCPATH\",\"_valueType\":\"undefined\"}"},{"dataType":"ValueEntry","value":"{\"_name\":\"TARGET_CONFIG\",\"_value\":\"{\\\"name\\\":\\\"default\\\"}\",\"_valueType\":\"string\"}"},{"dataType":"ValueEntry","value":"{\"_name\":\"BUILTIN_TASK_COMMAND\",\"_value\":\"\",\"_valueType\":\"string\"}"},{"dataType":"ValueEntry","value":"{\"_name\":\"BUILTIN_TASK_TOOLCHAIN\",\"_value\":\"D:\\\\devecostudio-windows-5.0.7.100\\\\DevEco Studio\\\\sdk\\\\default\\\\openharmony\\\\toolchains\\\\restool.exe\",\"_valueType\":\"string\"}"},{"dataType":"ValueEntry","value":"{\"_name\":\"BUILTIN_TASK_ENV\",\"_value\":\"\",\"_valueType\":\"string\"}"}],"_successful":true,"_projectName":"DevEco","_moduleName":"entry","_taskName":"default@PreviewCompileResource","_key":":DevEco:entry:default@PreviewCompileResource","_executionId":":DevEco:entry:default@PreviewCompileResource:1746365733097","_inputFiles":{"dataType":"Map","value":[["C:\\Users\\26448\\Desktop\\DevEco\\entry\\src\\main\\resources",{"fileSnapShotHashValue":"227b2855e575a4f2194213d51ec0b8c2"}],["C:\\Users\\26448\\Desktop\\DevEco\\entry\\.preview\\default\\intermediates\\merge_profile\\default\\module.json",{"fileSnapShotHashValue":"2fb0b86234f49cd4ed964adb6b34718f"}]]},"_outputFiles":{"dataType":"Map","value":[["C:\\Users\\26448\\Desktop\\DevEco\\entry\\.preview\\default\\intermediates\\res\\default",{"isDirectory":true,"fileSnapShotHashValue":"b60b343192ee42d954a00e362ba6714c"}],["C:\\Users\\26448\\Desktop\\DevEco\\entry\\.preview\\default\\generated\\r\\default",{"isDirectory":true,"fileSnapShotHashValue":"7f00baaa523182ca6df83b4d5deb2fdf"}]]}},":DevEco:entry:default@CopyPreviewProfile":{"_inputs":[{"dataType":"ValueEntry","value":"{\"_name\":\"BUILTIN_TASK_COMMAND\",\"_value\":\"\",\"_valueType\":\"string\"}"},{"dataType":"ValueEntry","value":"{\"_name\":\"BUILTIN_TASK_TOOLCHAIN\",\"_value\":\"\",\"_valueType\":\"string\"}"},{"dataType":"ValueEntry","value":"{\"_name\":\"BUILTIN_TASK_ENV\",\"_value\":\"\",\"_valueType\":\"string\"}"}],"_successful":true,"_projectName":"DevEco","_moduleName":"entry","_taskName":"default@CopyPreviewProfile","_key":":DevEco:entry:default@CopyPreviewProfile","_executionId":":DevEco:entry:default@CopyPreviewProfile:1746365733292","_inputFiles":{"dataType":"Map","value":[["C:\\Users\\26448\\Desktop\\DevEco\\entry\\src\\main\\resources\\base\\profile",{"fileSnapShotHashValue":"31ff6c3daf4de70d872b24e6fecad9c9"}]]},"_outputFiles":{"dataType":"Map","value":[["C:\\Users\\26448\\Desktop\\DevEco\\entry\\.preview\\default\\intermediates\\res\\default\\resources\\base\\profile",{"fileSnapShotHashValue":"61751564adb4e609556d8712b2529f75"}]]}},":DevEco:entry:default@PreviewUpdateAssets":{"_inputs":[{"dataType":"ValueEntry","value":"{\"_name\":\"previewBuildConfigJson\",\"_value\":\"{\\\"deviceType\\\":\\\"phone,tablet,2in1\\\",\\\"checkEntry\\\":\\\"true\\\",\\\"localPropertiesPath\\\":\\\"C:\\\\\\\\Users\\\\\\\\26448\\\\\\\\Desktop\\\\\\\\DevEco\\\\\\\\local.properties\\\",\\\"Path\\\":\\\"D:\\\\\\\\devecostudio-windows-5.0.7.100\\\\\\\\DevEco Studio\\\\\\\\tools\\\\\\\\node\\\\\\\\\\\",\\\"note\\\":\\\"false\\\",\\\"aceProfilePath\\\":\\\"C:\\\\\\\\Users\\\\\\\\26448\\\\\\\\Desktop\\\\\\\\DevEco\\\\\\\\entry\\\\\\\\.preview\\\\\\\\default\\\\\\\\intermediates\\\\\\\\res\\\\\\\\default\\\\\\\\resources\\\\\\\\base\\\\\\\\profile\\\",\\\"isPreview\\\":\\\"true\\\",\\\"hapMode\\\":\\\"false\\\",\\\"buildMode\\\":\\\"debug\\\",\\\"img2bin\\\":\\\"true\\\",\\\"projectProfilePath\\\":\\\"C:\\\\\\\\Users\\\\\\\\26448\\\\\\\\Desktop\\\\\\\\DevEco\\\\\\\\build-profile.json5\\\",\\\"watchMode\\\":\\\"true\\\",\\\"appResource\\\":\\\"C:\\\\\\\\Users\\\\\\\\26448\\\\\\\\Desktop\\\\\\\\DevEco\\\\\\\\entry\\\\\\\\.preview\\\\\\\\default\\\\\\\\intermediates\\\\\\\\res\\\\\\\\default\\\\\\\\ResourceTable.txt\\\",\\\"logLevel\\\":\\\"3\\\",\\\"stageRouterConfig\\\":{\\\"contents\\\":[\\\"{\\\\\\\"module\\\\\\\":{\\\\\\\"pages\\\\\\\":\\\\\\\"$profile:main_pages\\\\\\\",\\\\\\\"name\\\\\\\":\\\\\\\"entry\\\\\\\"}}\\\",\\\"{\\\\\\\"src\\\\\\\":[\\\\\\\"pages/Index\\\\\\\"]}\\\"],\\\"paths\\\":[\\\"C:\\\\\\\\Users\\\\\\\\26448\\\\\\\\Desktop\\\\\\\\DevEco\\\\\\\\entry\\\\\\\\.preview\\\\\\\\default\\\\\\\\intermediates\\\\\\\\res\\\\\\\\default\\\\\\\\module.json\\\",\\\"C:\\\\\\\\Users\\\\\\\\26448\\\\\\\\Desktop\\\\\\\\DevEco\\\\\\\\entry\\\\\\\\.preview\\\\\\\\default\\\\\\\\intermediates\\\\\\\\res\\\\\\\\default\\\\\\\\resources\\\\\\\\base\\\\\\\\profile\\\\\\\\main_pages.json\\\"]},\\\"aceBuildJson\\\":\\\"C:\\\\\\\\Users\\\\\\\\26448\\\\\\\\Desktop\\\\\\\\DevEco\\\\\\\\entry\\\\\\\\.preview\\\\\\\\default\\\\\\\\intermediates\\\\\\\\loader\\\\\\\\default\\\\\\\\loader.json\\\",\\\"aceModuleRoot\\\":\\\"C:\\\\\\\\Users\\\\\\\\26448\\\\\\\\Desktop\\\\\\\\DevEco\\\\\\\\entry\\\\\\\\src\\\\\\\\main\\\\\\\\ets\\\",\\\"aceSoPath\\\":\\\"C:\\\\\\\\Users\\\\\\\\26448\\\\\\\\Desktop\\\\\\\\DevEco\\\\\\\\entry\\\\\\\\.preview\\\\\\\\cache\\\\\\\\nativeDependencies.txt\\\",\\\"cachePath\\\":\\\"C:\\\\\\\\Users\\\\\\\\26448\\\\\\\\Desktop\\\\\\\\DevEco\\\\\\\\entry\\\\\\\\.preview\\\\\\\\cache\\\\\\\\.default\\\",\\\"aceModuleBuild\\\":\\\"C:\\\\\\\\Users\\\\\\\\26448\\\\\\\\Desktop\\\\\\\\DevEco\\\\\\\\entry\\\\\\\\.preview\\\\\\\\default\\\\\\\\intermediates\\\\\\\\assets\\\\\\\\default\\\\\\\\ets\\\",\\\"aceModuleJsonPath\\\":\\\"C:\\\\\\\\Users\\\\\\\\26448\\\\\\\\Desktop\\\\\\\\DevEco\\\\\\\\entry\\\\\\\\.preview\\\\\\\\default\\\\\\\\intermediates\\\\\\\\res\\\\\\\\default\\\\\\\\module.json\\\"}\",\"_valueType\":\"string\"}"},{"dataType":"ValueEntry","value":"{\"_name\":\"BUILTIN_TASK_COMMAND\",\"_value\":\"\",\"_valueType\":\"string\"}"},{"dataType":"ValueEntry","value":"{\"_name\":\"BUILTIN_TASK_TOOLCHAIN\",\"_value\":\"\",\"_valueType\":\"string\"}"},{"dataType":"ValueEntry","value":"{\"_name\":\"BUILTIN_TASK_ENV\",\"_value\":\"\",\"_valueType\":\"string\"}"}],"_successful":true,"_projectName":"DevEco","_moduleName":"entry","_taskName":"default@PreviewUpdateAssets","_key":":DevEco:entry:default@PreviewUpdateAssets","_executionId":":DevEco:entry:default@PreviewUpdateAssets:1746365733305","_inputFiles":{"dataType":"Map","value":[]},"_outputFiles":{"dataType":"Map","value":[["C:\\Users\\26448\\Desktop\\DevEco\\entry\\.preview\\default\\intermediates\\res\\default\\module.json",{"isDirectory":false,"fileSnapShotHashValue":"c07f9ff207e23dea5442c5a309d24e92"}],["C:\\Users\\26448\\Desktop\\DevEco\\entry\\.preview\\default\\intermediates\\res\\default\\resources\\base\\profile\\main_pages.json",{"isDirectory":false,"fileSnapShotHashValue":"2179b1c62ae6533ca2bb1cdf7fb78994"}]]}},":DevEco:entry:default@PreviewArkTS":{"_inputs":[{"dataType":"ValueEntry","value":"{\"_name\":\"debuggable\",\"_value\":true,\"_valueType\":\"boolean\"}"},{"dataType":"ValueEntry","value":"{\"_name\":\"isArk\",\"_value\":true,\"_valueType\":\"boolean\"}"},{"dataType":"ValueEntry","value":"{\"_name\":\"needCoverageInsert\",\"_value\":false,\"_valueType\":\"boolean\"}"},{"dataType":"ValueEntry","value":"{\"_name\":\"ark.tsImportSendable\",\"_value\":false,\"_valueType\":\"boolean\"}"},{"dataType":"ValueEntry","value":"{\"_name\":\"customTypes\",\"_value\":\"\",\"_valueType\":\"string\"}"},{"dataType":"ValueEntry","value":"{\"_name\":\"caseSensitiveCheck\",\"_value\":true,\"_valueType\":\"boolean\"}"},{"dataType":"ValueEntry","value":"{\"_name\":\"useNormalizedOHMUrl\",\"_value\":true,\"_valueType\":\"boolean\"}"},{"dataType":"ValueEntry","value":"{\"_name\":\"transformLib\",\"_value\":\"\",\"_valueType\":\"string\"}"},{"dataType":"ValueEntry","value":"{\"_name\":\"compatibleSdkVersionStage\",\"_value\":\"\",\"_valueType\":\"string\"}"},{"dataType":"ValueEntry","value":"{\"_name\":\"autoLazyImport\",\"_value\":false,\"_valueType\":\"boolean\"}"},{"dataType":"ValueEntry","value":"{\"_name\":\"arkTsWdiget\",\"_value\":false,\"_valueType\":\"boolean\"}"},{"dataType":"ValueEntry","value":"{\"_name\":\"OBFUSCATION_ENABLE\",\"_value\":\"undefined\",\"_valueType\":\"string\"}"},{"dataType":"ValueEntry","value":"{\"_name\":\"noExternalImportByPath\",\"_value\":true,\"_valueType\":\"boolean\"}"},{"dataType":"ValueEntry","value":"{\"_name\":\"BUILTIN_TASK_COMMAND\",\"_value\":\"\",\"_valueType\":\"string\"}"},{"dataType":"ValueEntry","value":"{\"_name\":\"BUILTIN_TASK_TOOLCHAIN\",\"_value\":\"\",\"_valueType\":\"string\"}"},{"dataType":"ValueEntry","value":"{\"_name\":\"BUILTIN_TASK_ENV\",\"_value\":\"\",\"_valueType\":\"string\"}"}],"_successful":true,"_projectName":"DevEco","_moduleName":"entry","_taskName":"default@PreviewArkTS","_key":":DevEco:entry:default@PreviewArkTS","_executionId":":DevEco:entry:default@PreviewArkTS:1746365733317","_inputFiles":{"dataType":"Map","value":[["C:\\Users\\26448\\Desktop\\DevEco\\entry\\.preview\\default\\intermediates\\loader\\default",{"isDirectory":true,"fileSnapShotHashValue":"0e2a4f4d76efb09fa3c2b7be54f7737d"}],["C:\\Users\\26448\\Desktop\\DevEco\\entry\\.preview\\default\\intermediates\\res\\default\\ResourceTable.txt",{"fileSnapShotHashValue":"35de38afc33d3ffdad2bae5414f359f2"}],["C:\\Users\\26448\\Desktop\\DevEco\\entry\\.preview\\default\\intermediates\\process_profile\\default\\module.json",{"fileSnapShotHashValue":"7218103fbbc5096681d07c93ab84d31e"}],["C:\\Users\\26448\\Desktop\\DevEco\\entry\\.preview\\default\\intermediates\\res\\default\\resources\\base\\profile",{"isDirectory":true,"fileSnapShotHashValue":"61751564adb4e609556d8712b2529f75"}],["C:\\Users\\26448\\Desktop\\DevEco\\entry\\src\\main\\ets",{"isDirectory":true,"fileSnapShotHashValue":"2796196c8cb001fc1edfac278ca39c4a"}],["C:\\Users\\26448\\Desktop\\DevEco\\entry\\.preview\\default\\intermediates\\loader\\default\\pkgContextInfo.json",{"fileSnapShotHashValue":"b7c9940f35bea1a08a0e1afcb5ee7dfd"}],["C:\\Users\\26448\\Desktop\\DevEco\\entry\\.preview\\default\\generated\\profile\\default\\BuildProfile.ets",{"fileSnapShotHashValue":"d4129c6325b8fa3ba6a46cc87ec9a599"}],["C:\\Users\\26448\\Desktop\\DevEco\\entry\\src\\mock\\mock-config.json5",{"isDirectory":false,"fileSnapShotHashValue":"b1747703b23f7db69fcdff412900b559"}]]},"_outputFiles":{"dataType":"Map","value":[["C:\\Users\\26448\\Desktop\\DevEco\\entry\\.preview\\default\\intermediates\\loader_out\\default\\ets",{"isDirectory":true,"fileSnapShotHashValue":""}]]}}}