{"deviceType":"phone,tablet,2in1","checkEntry":"true","localPropertiesPath":"C:\\Users\\26448\\Desktop\\DevEco\\local.properties","Path":"D:\\devecostudio-windows-5.0.7.100\\DevEco Studio\\tools\\node\\","note":"false","aceProfilePath":"C:\\Users\\26448\\Desktop\\DevEco\\entry\\.preview\\default\\intermediates\\res\\default\\resources\\base\\profile","isPreview":"true","hapMode":"false","buildMode":"debug","img2bin":"true","projectProfilePath":"C:\\Users\\26448\\Desktop\\DevEco\\build-profile.json5","watchMode":"true","appResource":"C:\\Users\\26448\\Desktop\\DevEco\\entry\\.preview\\default\\intermediates\\res\\default\\ResourceTable.txt","logLevel":"3","stageRouterConfig":{"contents":["{\"module\":{\"pages\":\"$profile:main_pages\",\"name\":\"entry\"}}","{\"src\":[\"pages/Index\"]}"],"paths":["C:\\Users\\26448\\Desktop\\DevEco\\entry\\.preview\\default\\intermediates\\res\\default\\module.json","C:\\Users\\26448\\Desktop\\DevEco\\entry\\.preview\\default\\intermediates\\res\\default\\resources\\base\\profile\\main_pages.json"]},"port":"29900","aceBuildJson":"C:\\Users\\26448\\Desktop\\DevEco\\entry\\.preview\\default\\intermediates\\loader\\default\\loader.json","aceModuleRoot":"C:\\Users\\26448\\Desktop\\DevEco\\entry\\src\\main\\ets","aceSoPath":"C:\\Users\\26448\\Desktop\\DevEco\\entry\\.preview\\cache\\nativeDependencies.txt","cachePath":"C:\\Users\\26448\\Desktop\\DevEco\\entry\\.preview\\cache\\.default","aceModuleBuild":"C:\\Users\\26448\\Desktop\\DevEco\\entry\\.preview\\default\\intermediates\\assets\\default\\ets","aceModuleJsonPath":"C:\\Users\\26448\\Desktop\\DevEco\\entry\\.preview\\default\\intermediates\\res\\default\\module.json"}