{"CACHE_SYNC_FILE_HASH":{"C:\\Users\\26448\\Desktop\\DevEco\\.hvigor\\outputs\\sync\\output.json":"b1e7c2f6c9a860c1e76a9c1c7196416ed5472c7a7ae0b616ba13fd00f8d384cf","C:\\Users\\26448\\Desktop\\DevEco\\entry\\build-profile.json5":"eeb80ba04db5d4402203bcb4df76e8fdc361a0f1fdf38b4dd7fd80d6258d8b79","C:\\Users\\26448\\Desktop\\DevEco\\entry\\oh-package.json5":"aa46baa3ee819cba24593ee319c3e1dcf4fc40a10e6c7540f126cf461b092ca2","C:\\Users\\26448\\Desktop\\DevEco\\hvigorfile.ts":"3651178d5cdcc381e5653cce5ce5a6f0ae184956de3b2f03598e416d766dc624","C:\\Users\\26448\\Desktop\\DevEco\\entry\\hvigorfile.ts":"7b968c67a57768da96d67b635805abd6d8dd886080183028319de7bc96204816","C:\\Users\\26448\\Desktop\\DevEco\\build-profile.json5":"aae684e19c842d6292c8b5e480da298017a1bd64430046bb9e5be88707cd3d77","C:\\Users\\26448\\Desktop\\DevEco\\oh-package.json5":"36ff93702a1c4625cd28944ea2454e74baf5da6fb040cc32d391f6ab89cb8023","SDK_LOCATION":"D:/devecostudio-windows-5.0.7.100/DevEco Studio/sdk","C:\\Users\\26448\\Desktop\\DevEco\\hvigor\\hvigor-config.json5":"dfba7439248fd3c2ca97793730c17213f647a2e59f660e15b1d488e19a883cfd"},"OHPM_INSTALL_FILE_HASH":{"C:\\Users\\26448\\Desktop\\DevEco\\oh_modules\\.ohpm\\lock.json5":"26610a09ab943a1a4b6a9666e8a7c1fea656a07aa04c848e27422cc5bcb05fec","C:\\Users\\26448\\Desktop\\DevEco\\entry\\oh-package.json5":"aa46baa3ee819cba24593ee319c3e1dcf4fc40a10e6c7540f126cf461b092ca2","C:\\Users\\26448\\Desktop\\DevEco\\oh_modules":true,"C:\\Users\\26448\\Desktop\\DevEco\\entry\\oh_modules":false,"C:\\Users\\26448\\Desktop\\DevEco\\oh-package.json5":"36ff93702a1c4625cd28944ea2454e74baf5da6fb040cc32d391f6ab89cb8023"}}