{
  "entry|entry|1.0.0|src/main/ets/entryability/EntryAbility.ts": {
    "version": 3,
    "file": "EntryAbility.ets",
    "sourceRoot": "",
    "sources": [
      "entry/src/main/ets/entryability/EntryAbility.ets"
    ],
    "names": [],
    "mappings": ";;;;;;AAIA,MAAM,MAAM,GAAG,MAAM,CAAC;AAEtB,MAAM,CAAC,OAAO,OAAO,YAAa,SAAQ,SAAS;IACjD,QAAQ,CAAC,IAAI,EAAE,IAAI,EAAE,WAAW,EAAE,eAAe,CAAC,WAAW,GAAG,IAAI;QAClE,IAAI,CAAC,OAAO,CAAC,qBAAqB,EAAE,CAAC,YAAY,CAAC,qBAAqB,CAAC,SAAS,CAAC,kBAAkB,CAAC,CAAC;QACtG,KAAK,CAAC,IAAI,CAAC,MAAM,EAAE,SAAS,EAAE,YAAY,EAAE,kBAAkB,CAAC,CAAC;IAClE,CAAC;IAED,SAAS,IAAI,IAAI;QACf,KAAK,CAAC,IAAI,CAAC,MAAM,EAAE,SAAS,EAAE,YAAY,EAAE,mBAAmB,CAAC,CAAC;IACnE,CAAC;IAED,mBAAmB,CAAC,WAAW,EAAE,MAAM,CAAC,WAAW,GAAG,IAAI;QACxD,yDAAyD;QACzD,KAAK,CAAC,IAAI,CAAC,MAAM,EAAE,SAAS,EAAE,YAAY,EAAE,6BAA6B,CAAC,CAAC;QAE3E,WAAW,CAAC,WAAW,CAAC,aAAa,EAAE,CAAC,GAAG,EAAE,EAAE;YAC7C,IAAI,GAAG,CAAC,IAAI,EAAE;gBACZ,KAAK,CAAC,KAAK,CAAC,MAAM,EAAE,SAAS,EAAE,+CAA+C,EAAE,IAAI,CAAC,SAAS,CAAC,GAAG,CAAC,CAAC,CAAC;gBACrG,OAAO;aACR;YACD,KAAK,CAAC,IAAI,CAAC,MAAM,EAAE,SAAS,EAAE,mCAAmC,CAAC,CAAC;QACrE,CAAC,CAAC,CAAC;IACL,CAAC;IAED,oBAAoB,IAAI,IAAI;QAC1B,yDAAyD;QACzD,KAAK,CAAC,IAAI,CAAC,MAAM,EAAE,SAAS,EAAE,YAAY,EAAE,8BAA8B,CAAC,CAAC;IAC9E,CAAC;IAED,YAAY,IAAI,IAAI;QAClB,oCAAoC;QACpC,KAAK,CAAC,IAAI,CAAC,MAAM,EAAE,SAAS,EAAE,YAAY,EAAE,sBAAsB,CAAC,CAAC;IACtE,CAAC;IAED,YAAY,IAAI,IAAI;QAClB,iCAAiC;QACjC,KAAK,CAAC,IAAI,CAAC,MAAM,EAAE,SAAS,EAAE,YAAY,EAAE,sBAAsB,CAAC,CAAC;IACtE,CAAC;CACF",
    "entry-package-info": "entry|1.0.0"
  },
  "entry|entry|1.0.0|src/main/ets/entrybackupability/EntryBackupAbility.ts": {
    "version": 3,
    "file": "EntryBackupAbility.ets",
    "sourceRoot": "",
    "sources": [
      "entry/src/main/ets/entrybackupability/EntryBackupAbility.ets"
    ],
    "names": [],
    "mappings": ";;;AAGA,MAAM,MAAM,GAAG,MAAM,CAAC;AAEtB,MAAM,CAAC,OAAO,OAAO,kBAAmB,SAAQ,sBAAsB;IACpE,KAAK,CAAC,QAAQ;QACZ,KAAK,CAAC,IAAI,CAAC,MAAM,EAAE,SAAS,EAAE,aAAa,CAAC,CAAC;QAC7C,MAAM,OAAO,CAAC,OAAO,EAAE,CAAC;IAC1B,CAAC;IAED,KAAK,CAAC,SAAS,CAAC,aAAa,EAAE,aAAa;QAC1C,KAAK,CAAC,IAAI,CAAC,MAAM,EAAE,SAAS,EAAE,yBAAyB,EAAE,IAAI,CAAC,SAAS,CAAC,aAAa,CAAC,CAAC,CAAC;QACxF,MAAM,OAAO,CAAC,OAAO,EAAE,CAAC;IAC1B,CAAC;CACF",
    "entry-package-info": "entry|1.0.0"
  },
  "entry|entry|1.0.0|src/main/ets/pages/Index.ts": {
    "version": 3,
    "file": "Index.ets",
    "sourceRoot": "",
    "sources": [
      "entry/src/main/ets/pages/Index.ets"
    ],
    "names": [],
    "mappings": ";;;;IAIS,IAAI,GAAC,MAAM,EAAE,EAAE;IAEf,UAAU,GAAE,IAAI,GAAE,MAAM,GAAE,MAAM,GAAE,OAAO;IAEzC,aAAa,GAAE,IAAI,GAAE,MAAM,GAAE,MAAM,GAAE,OAAO;IAE5C,eAAe,GAAC,MAAM,EAAE,EAAE;IAE1B,KAAK,GAAC,MAAM;IACZ,KAAK,GAAC,MAAM;IAEZ,MAAM,GAAC,MAAM;IAEb,MAAM,GAAC,aAAa,EAAE;IAEtB,GAAG,GAAC,MAAM;;MAjBZ,KAAK;IAFZ;;;;;mDAI2B,EAAE;QAC3B,SAAS;;yDAC0C,OAAO;QAC1D,OAAO;;4DAC+C,OAAO;QAC7D,qBAAqB;;8DACa,EAAE;QACpC,OAAO;;oDACe,CAAC;oDACD,CAAC;QACvB,OAAO;;qDACgB,CAAC;QACxB,mBAAmB;;qDACW,CAAC,KAAK,CAAC,KAAK,EAAE,KAAK,CAAC,KAAK,EAAE,KAAK,CAAC,MAAM,CAAC;QACtE,MAAM;;kDACY,EAAE;QACpB,MAAM;;;;KApBR;;;;;;;;;;;;;;;;;;;;;;;;;;;;;;;;;;;;;;;;;;;;;;;;;;;;;;;;IAGE,cAAc;IACd,yCAAY,MAAM,EAAE,EAAE,EAAK;QAApB,IAAI;;;QAAJ,IAAI,WAAC,MAAM,EAAE,EAAE;;;IACtB,SAAS;IACT,+CAAmB,IAAI,GAAE,MAAM,GAAE,MAAM,GAAE,OAAO,EAAU;QAAnD,UAAU;;;QAAV,UAAU,WAAE,IAAI,GAAE,MAAM,GAAE,MAAM,GAAE,OAAO;;;IAChD,OAAO;IACP,kDAAsB,IAAI,GAAE,MAAM,GAAE,MAAM,GAAE,OAAO,EAAU;QAAtD,aAAa;;;QAAb,aAAa,WAAE,IAAI,GAAE,MAAM,GAAE,MAAM,GAAE,OAAO;;;IACnD,qBAAqB;IACrB,oDAAuB,MAAM,EAAE,EAAE,EAAG;QAA7B,eAAe;;;QAAf,eAAe,WAAC,MAAM,EAAE,EAAE;;;IACjC,OAAO;IACP,0CAAa,MAAM,EAAI;QAAhB,KAAK;;;QAAL,KAAK,WAAC,MAAM;;;IACnB,0CAAa,MAAM,EAAI;QAAhB,KAAK;;;QAAL,KAAK,WAAC,MAAM;;;IACnB,OAAO;IACP,2CAAc,MAAM,EAAI;QAAjB,MAAM;;;QAAN,MAAM,WAAC,MAAM;;;IACpB,mBAAmB;IACnB,2CAAc,aAAa,EAAE,EAAyC;QAA/D,MAAM;;;QAAN,MAAM,WAAC,aAAa,EAAE;;;IAC7B,MAAM;IACN,wCAAW,MAAM,EAAG;QAAb,GAAG;;;QAAH,GAAG,WAAC,MAAM;;;IACjB,MAAM;IACN,QAAQ;QACN,gBAAgB;QAChB,IAAI,CAAC,IAAI,GAAG,EAAE,CAAA;QACd,KAAI,IAAI,CAAC,GAAC,CAAC,EAAC,CAAC,GAAC,EAAE,EAAC,CAAC,EAAE,EAAC;YACnB,IAAI,CAAC,IAAI,CAAC,IAAI,CAAC,EAAE,CAAC,CAAA;YAClB,KAAI,IAAI,CAAC,GAAC,CAAC,EAAC,CAAC,GAAC,EAAE,EAAC,CAAC,EAAE,EAAC;gBACnB,IAAI,CAAC,IAAI,CAAC,CAAC,CAAC,CAAC,IAAI,CAAC,CAAC,CAAC,CAAA;aACrB;SACF;QACD,QAAQ;QACR,IAAI,CAAC,IAAI,CAAC,CAAC,CAAC,CAAC,CAAC,CAAC,GAAC,CAAC,CAAA;QACjB,mBAAmB;QACnB,mBAAmB;QACnB,mBAAmB;QACnB,oBAAoB;QACpB,UAAU;QACV,IAAI,CAAC,eAAe,GAAC,EAAE,CAAA;QACvB,IAAI,CAAC,eAAe,CAAC,IAAI,CAAC,CAAC,CAAC,EAAC,CAAC,CAAC,CAAC,CAAA;QAChC,kCAAkC;QAClC,kCAAkC;QAClC,kCAAkC;QAClC,mCAAmC;QACnC,UAAU;QACV,IAAI,CAAC,KAAK,GAAG,EAAE,CAAA;QACf,IAAI,CAAC,KAAK,GAAG,CAAC,CAAA;QACd,UAAU;QACV,IAAI,CAAC,MAAM,GAAG,CAAC,CAAA;QACf,WAAW;QACX,IAAI,CAAC,GAAG,GAAC,EAAE,CAAA;QACX,mBAAmB;QACnB,IAAI,CAAC,UAAU,GAAG,OAAO,CAAA;QACzB,IAAI,CAAC,aAAa,GAAG,OAAO,CAAA;IAC9B,CAAC;IAED,aAAa,IAAI,IAAI;QACnB,MAAM;QACN,IAAI,CAAC,QAAQ,EAAE,CAAA;QACf,YAAY;QACZ,IAAI,KAAK,EAAC,MAAM,GAAG,IAAI,CAAC,KAAK,CAAC,IAAI,CAAC,MAAM,EAAE,GAAC,IAAI,CAAC,IAAI,CAAC,CAAC,CAAC,CAAC,MAAM,CAAC,CAAA;QAChE,IAAI,KAAK,EAAC,MAAM,GAAG,IAAI,CAAC,KAAK,CAAC,IAAI,CAAC,MAAM,EAAE,GAAC,IAAI,CAAC,IAAI,CAAC,CAAC,CAAC,CAAC,MAAM,CAAC,CAAA;QAEhE,eAAe;QACf,WAAW,CAAC,GAAE,EAAE;YACd,YAAY;YACZ,IAAG,CAAC,IAAI,CAAC,GAAG,EAAC;gBACX,2BAA2B;gBAC3B,IAAG,IAAI,CAAC,IAAI,CAAC,KAAK,CAAC,CAAC,KAAK,CAAC,IAAE,CAAC,IAAE,IAAI,CAAC,MAAM,GAAC,EAAE,GAAC,EAAE,EAAC;oBAC/C,OAAM,IAAI,EAAC;wBACT,4BAA4B;wBAC5B,IAAG,IAAI,CAAC,IAAI,CAAC,KAAK,CAAC,CAAC,KAAK,CAAC,IAAE,CAAC,EAAC;4BAC5B,IAAI,CAAC,IAAI,CAAC,KAAK,CAAC,CAAC,KAAK,CAAC,GAAC,CAAC,CAAA;4BACzB,MAAK;yBACN;wBACD,OAAO;wBACP,KAAK,GAAG,IAAI,CAAC,KAAK,CAAC,IAAI,CAAC,MAAM,EAAE,GAAC,IAAI,CAAC,IAAI,CAAC,CAAC,CAAC,CAAC,MAAM,CAAC,CAAA;wBACrD,KAAK,GAAG,IAAI,CAAC,KAAK,CAAC,IAAI,CAAC,MAAM,EAAE,GAAC,IAAI,CAAC,IAAI,CAAC,CAAC,CAAC,CAAC,MAAM,CAAC,CAAA;qBACtD;iBACF;gBAED,YAAY;gBACZ,IAAI,QAAQ,EAAC,MAAM,CAAA;gBACnB,IAAI,QAAQ,EAAC,MAAM,CAAA;gBACnB,sCAAsC;gBACtC,IAAG,IAAI,CAAC,aAAa,IAAI,OAAO,IAAI,IAAI,CAAC,UAAU,IAAI,MAAM;oBAAE,IAAI,CAAC,UAAU,GAAG,OAAO,CAAA;qBACnF,IAAG,IAAI,CAAC,aAAa,IAAI,MAAM,IAAI,IAAI,CAAC,UAAU,IAAI,OAAO;oBAAE,IAAI,CAAC,UAAU,GAAG,MAAM,CAAA;qBACvF,IAAG,IAAI,CAAC,aAAa,IAAI,IAAI,IAAI,IAAI,CAAC,UAAU,IAAI,MAAM;oBAAE,IAAI,CAAC,UAAU,GAAG,IAAI,CAAA;qBAClF,IAAG,IAAI,CAAC,aAAa,IAAI,MAAM,IAAI,IAAI,CAAC,UAAU,IAAI,IAAI;oBAAE,IAAI,CAAC,UAAU,GAAG,MAAM,CAAA;gBAEzF,eAAe;gBACf,IAAG,IAAI,CAAC,UAAU,IAAI,OAAO,EAAC;oBAC5B,QAAQ,GAAG,IAAI,CAAC,KAAK,CAAA;oBACrB,QAAQ,GAAG,IAAI,CAAC,KAAK,GAAC,CAAC,CAAA;iBACxB;qBAAK,IAAG,IAAI,CAAC,UAAU,IAAI,IAAI,EAAC;oBAC/B,QAAQ,GAAG,IAAI,CAAC,KAAK,GAAC,CAAC,CAAA;oBACvB,QAAQ,GAAG,IAAI,CAAC,KAAK,CAAA;iBACtB;qBAAK,IAAG,IAAI,CAAC,UAAU,IAAI,MAAM,EAAC;oBACjC,QAAQ,GAAG,IAAI,CAAC,KAAK,GAAC,CAAC,CAAA;oBACvB,QAAQ,GAAG,IAAI,CAAC,KAAK,CAAA;iBACtB;qBAAI;oBACH,QAAQ,GAAG,IAAI,CAAC,KAAK,CAAA;oBACrB,QAAQ,GAAG,IAAI,CAAC,KAAK,GAAC,CAAC,CAAA;iBACxB;gBAED,SAAS;gBACT,IAAG,QAAQ,IAAE,CAAC,IAAI,QAAQ,GAAC,IAAI,CAAC,IAAI,CAAC,MAAM,IAAI,QAAQ,IAAE,CAAC,IAAI,QAAQ,GAAC,IAAI,CAAC,IAAI,CAAC,CAAC,CAAC,CAAC,MAAM,EAAC;oBACzF,MAAM;oBACN,SAAS;oBACT,IAAG,IAAI,CAAC,IAAI,CAAC,QAAQ,CAAC,CAAC,QAAQ,CAAC,IAAE,CAAC,EAAC;wBAClC,IAAI,CAAC,GAAG,GAAG,aAAa,CAAA;qBACzB,CAAG,MAAM;yBACN;wBACF,SAAS;wBACT,IAAI,GAAG,EAAC,OAAO,GAAG,KAAK,CAAA;wBACvB,iBAAiB;wBACjB,IAAG,IAAI,CAAC,IAAI,CAAC,QAAQ,CAAC,CAAC,QAAQ,CAAC,IAAI,CAAC;4BAAE,GAAG,GAAG,IAAI,CAAA;wBACjD,eAAe;wBACf,IAAI,CAAC,eAAe,CAAC,IAAI,CAAC,CAAC,QAAQ,EAAC,QAAQ,CAAC,CAAC,CAAA;wBAC9C,WAAW;wBACX,IAAI,UAAU,GAAG,IAAI,CAAC,IAAI,CAAC,QAAQ,CAAC,CAAA;wBACpC,qBAAqB;wBACrB,UAAU,CAAC,QAAQ,CAAC,GAAG,CAAC,CAAA;wBACxB,UAAU;wBACV,IAAI,CAAC,KAAK,GAAG,QAAQ,CAAA;wBACrB,IAAI,CAAC,KAAK,GAAG,QAAQ,CAAA;wBACrB,WAAW;wBACX,IAAI,CAAC,IAAI,CAAC,MAAM,CAAC,QAAQ,EAAC,CAAC,EAAC,UAAU,CAAC,CAAA;wBAEvC,oBAAoB;wBACpB,IAAG,CAAC,GAAG,EAAC;4BACN,iBAAiB;4BACjB,UAAU;4BACV,IAAI,KAAK,GAAG,IAAI,CAAC,eAAe,CAAC,CAAC,CAAC,CAAC,CAAC,CAAC,CAAA;4BACtC,IAAI,KAAK,GAAG,IAAI,CAAC,eAAe,CAAC,CAAC,CAAC,CAAC,CAAC,CAAC,CAAA;4BACtC,OAAO;4BACP,IAAI,CAAC,eAAe,CAAC,KAAK,EAAE,CAAA;4BAC5B,aAAa;4BACb,IAAI,WAAW,GAAG,IAAI,CAAC,IAAI,CAAC,KAAK,CAAC,CAAA;4BAClC,oBAAoB;4BACpB,WAAW,CAAC,KAAK,CAAC,GAAG,CAAC,CAAA;4BACtB,aAAa;4BACb,IAAI,CAAC,IAAI,CAAC,MAAM,CAAC,KAAK,EAAC,CAAC,EAAC,WAAW,CAAC,CAAA;yBACtC;6BAAK;4BACJ,aAAa;4BACb,IAAI,CAAC,MAAM,EAAE,CAAA;yBACd;qBACF;iBACF,CAAG,WAAW;;oBACV,IAAI,CAAC,GAAG,GAAC,OAAO,CAAA;aACtB;QACH,CAAC,EAAC,GAAG,CAAC,CAAA,CAAI,UAAU;IAEtB,CAAC;IAGD;;YACE,MAAM;;YAAN,MAAM,CAsFL,MAAM,CAAC,MAAM;YAtFd,MAAM,CAuFL,KAAK,CAAC,MAAM;;;YAtFX,KAAK;;;;YACH,KAAK;YACL,MAAM;;YADN,KAAK;YACL,MAAM,CAqBL,WAAW,CAAC,CAAC;YAtBd,KAAK;YACL,MAAM,CAsBL,WAAW,CAAC,KAAK,CAAC,MAAM;;;YArBvB,QAAQ;YACR,OAAO;mDAA4B,MAAM,EAAC,MAAM;;;oBAC9C,GAAG;;;;oBACD,aAAa;oBACb,OAAO;2DAAsB,MAAM,EAAC,MAAM;;;4BACxC,uCAAuC;4BACvC,IAAI,QAAC,MAAM,IAAI,IAAI,CAAC,KAAK,IAAI,MAAM,IAAI,IAAI,CAAC,KAAK,CAAA,CAAC,CAAA,GAAG,CAAC,CAAC,CAAC,EAAE;;4BAD1D,uCAAuC;4BACvC,IAAI,CACD,SAAS,CAAC,SAAS,CAAC,MAAM;4BAF7B,uCAAuC;4BACvC,IAAI,CAED,QAAQ,CAAC,EAAE;4BAHd,uCAAuC;4BACvC,IAAI,CAGD,UAAU,CAAC,GAAG;4BAJjB,uCAAuC;4BACvC,IAAI,CAID,SAAS,CAAC,KAAK,CAAC,KAAK;4BALxB,uCAAuC;4BACvC,IAAI,CAKD,KAAK,CAAC,EAAE;4BANX,uCAAuC;4BACvC,IAAI,CAMD,WAAW,CAAC,CAAC;4BAPhB,uCAAuC;4BACvC,IAAI,CAOD,eAAe,CAAC,IAAI,CAAC,eAAe,CAAC,IAAI,CAAC,eAAe,CAAC,MAAM,GAAC,CAAC,CAAC,CAAC,CAAC,CAAC,IAAI,MAAM;gCAC/E,IAAI,CAAC,eAAe,CAAC,IAAI,CAAC,eAAe,CAAC,MAAM,GAAC,CAAC,CAAC,CAAC,CAAC,CAAC,IAAI,MAAM,CAAA,CAAC;gCACnE,KAAK,CAAC,IAAI,CAAC,CAAC,CAAC,IAAI,CAAC,MAAM,CAAC,IAAI,CAAC,IAAI,CAAC,MAAM,CAAC,CAAC,MAAM,CAAC,CAAC;;wBAVrD,uCAAuC;wBACvC,IAAI;;uDAFE,KAAK;;gBADb,aAAa;gBACb,OAAO;gBAFT,GAAG;;+CADG,IAAI,CAAC,IAAI;;QADjB,QAAQ;QACR,OAAO;QAHT,KAAK;QACL,MAAM;;YAuBN,UAAU;YACV,MAAM,QAAC,EAAC,KAAK,EAAC,EAAE,EAAC;;YADjB,UAAU;YACV,MAAM,CAWL,MAAM,CAAC,IAAI,CAAC,GAAG,CAAA,CAAC,CAAA,CAAC,CAAA,CAAC,CAAA,CAAC,CAAC;;;YAVnB,IAAI,QAAC,IAAI,CAAC,GAAG;;YAAb,IAAI,CACD,QAAQ,CAAC,EAAE;YADd,IAAI,CAED,SAAS,CAAC,KAAK,CAAC,GAAG;;QAFtB,IAAI;;YAGJ,IAAI,QAAC,IAAI,CAAC,GAAG,CAAA,CAAC,CAAA,MAAM,CAAA,CAAC,CAAA,EAAE;;YAAvB,IAAI,CACD,QAAQ,CAAC,EAAE;YADd,IAAI,CAED,SAAS,CAAC,KAAK,CAAC,GAAG;YAFtB,IAAI,CAGD,OAAO,CAAC,GAAE,EAAE;gBACX,IAAI,CAAC,QAAQ,EAAE,CAAA;YACjB,CAAC;;QALH,IAAI;QALN,UAAU;QACV,MAAM;QA1BR,KAAK;;YAuCL,MAAM;YACN,KAAK;;YADL,MAAM;YACN,KAAK,CAwCJ,OAAO,CAAC,IAAI,CAAC,GAAG,CAAA,CAAC,CAAA,KAAK,CAAA,CAAC,CAAA,IAAI;YAzC5B,MAAM;YACN,KAAK,CAyCJ,KAAK,CAAC,KAAK;YA1CZ,MAAM;YACN,KAAK,CA0CJ,WAAW,CAAC,CAAC;;;YAzCZ,0BAA0B;YAC1B,MAAM,iBAAC,GAAG;;YADV,0BAA0B;YAC1B,MAAM,CACH,QAAQ,CAAC,EAAE;YAFd,0BAA0B;YAC1B,MAAM,CAEH,MAAM,CAAC,EAAE;YAHZ,0BAA0B;YAC1B,MAAM,CAGH,KAAK,CAAC,EAAE;YAJX,0BAA0B;YAC1B,MAAM,CAIH,QAAQ,CAAC,EAAC,GAAG,EAAC,CAAC,EAAE,IAAI,EAAC,KAAK,EAAC;YAL/B,0BAA0B;YAC1B,MAAM,CAKH,SAAS,CAAC,EAAC,CAAC,EAAC,MAAM,EAAC;YANvB,0BAA0B;YAC1B,MAAM,CAMH,OAAO,CAAC,GAAE,EAAE;gBACX,IAAI,CAAC,aAAa,GAAG,IAAI,CAAA;YAC3B,CAAC;;QATH,0BAA0B;QAC1B,MAAM;;YASN,MAAM,iBAAC,GAAG;;YAAV,MAAM,CACH,QAAQ,CAAC,EAAE;YADd,MAAM,CAEH,MAAM,CAAC,EAAE;YAFZ,MAAM,CAGH,KAAK,CAAC,EAAE;YAHX,MAAM,CAIH,QAAQ,CAAC,EAAC,MAAM,EAAC,CAAC,EAAE,IAAI,EAAC,KAAK,EAAC;YAJlC,MAAM,CAKH,SAAS,CAAC,EAAC,CAAC,EAAC,MAAM,EAAC;YALvB,MAAM,CAMH,OAAO,CAAC,GAAE,EAAE;gBACX,IAAI,CAAC,aAAa,GAAG,MAAM,CAAA;YAC7B,CAAC;;QARH,MAAM;;YASN,MAAM,iBAAC,GAAG;;YAAV,MAAM,CACH,QAAQ,CAAC,EAAE;YADd,MAAM,CAEH,MAAM,CAAC,EAAE;YAFZ,MAAM,CAGH,KAAK,CAAC,EAAE;YAHX,MAAM,CAIH,QAAQ,CAAC,EAAC,IAAI,EAAC,CAAC,EAAE,GAAG,EAAC,KAAK,EAAC;YAJ/B,MAAM,CAKH,SAAS,CAAC,EAAC,CAAC,EAAC,MAAM,EAAC;YALvB,MAAM,CAMH,MAAM,CAAC,EAAC,IAAI,EAAC,CAAC,EAAC;YANlB,MAAM,CAOH,OAAO,CAAC,GAAE,EAAE;gBACX,IAAI,CAAC,aAAa,GAAG,MAAM,CAAA;YAC7B,CAAC;;QATH,MAAM;;YAUN,MAAM,iBAAC,GAAG;;YAAV,MAAM,CACH,QAAQ,CAAC,EAAE;YADd,MAAM,CAEH,MAAM,CAAC,EAAE;YAFZ,MAAM,CAGH,KAAK,CAAC,EAAE;YAHX,MAAM,CAIH,QAAQ,CAAC,EAAC,KAAK,EAAC,CAAC,EAAE,GAAG,EAAC,KAAK,EAAC;YAJhC,MAAM,CAKH,SAAS,CAAC,EAAC,CAAC,EAAC,MAAM,EAAC;YALvB,MAAM,CAMH,OAAO,CAAC,GAAE,EAAE;gBACX,IAAI,CAAC,aAAa,GAAG,OAAO,CAAA;YAC9B,CAAC;;QARH,MAAM;QA/BR,MAAM;QACN,KAAK;QAzCP,MAAM;KAwFP",
    "entry-package-info": "entry|1.0.0"
  }
}